"Date","Price","Open","High","Low","Vol.","Change %"
"05/14/2019","0.8919","0.8910","0.8928","0.8892","97.88K","0.10%"
"05/13/2019","0.8910","0.8896","0.8912","0.8876","92.54K","0.10%"
"05/10/2019","0.8901","0.8911","0.8918","0.8886","125.72K","-0.17%"
"05/09/2019","0.8916","0.8935","0.8951","0.8887","129.04K","-0.22%"
"05/08/2019","0.8936","0.8936","0.8943","0.8916","127.31K","0.00%"
"05/07/2019","0.8936","0.8930","0.8956","0.8911","132.43K","0.07%"
"05/06/2019","0.8930","0.8926","0.8961","0.8920","105.09K","0.03%"
"05/03/2019","0.8927","0.8946","0.8981","0.8923","103.47K","-0.21%"
"05/02/2019","0.8946","0.8927","0.8953","0.8912","102.84K","0.16%"
"05/01/2019","0.8932","0.8916","0.8939","0.8876","79.68K","0.17%"
"04/30/2019","0.8917","0.8940","0.8949","0.8904","102.97K","-0.26%"
"04/29/2019","0.8940","0.8967","0.8976","0.8936","82.35K","-0.33%"
"04/26/2019","0.8970","0.8984","0.9000","0.8948","114.90K","-0.14%"
"04/25/2019","0.8983","0.8960","0.8995","0.8958","124.49K","0.19%"
"04/24/2019","0.8966","0.8907","0.8977","0.8903","141.63K","0.67%"
"04/23/2019","0.8906","0.8883","0.8936","0.8878","125.19K","0.28%"
"04/22/2019","0.8881","0.8894","0.8901","0.8878","72.39K","-0.10%"
"04/19/2019","0.8890","0.8896","0.8906","0.8886","89.84K","-0.16%"
"04/18/2019","0.8904","0.8852","0.8908","0.8845","125.60K","0.59%"
"04/17/2019","0.8852","0.8865","0.8867","0.8830","128.15K","-0.15%"
"04/16/2019","0.8865","0.8847","0.8866","0.8838","115.86K","0.26%"
"04/15/2019","0.8842","0.8850","0.8854","0.8832","93.51K","-0.07%"
"04/12/2019","0.8848","0.8886","0.8888","0.8829","128.28K","-0.44%"
"04/11/2019","0.8887","0.8871","0.8890","0.8857","124.36K","0.18%"
"04/10/2019","0.8871","0.8879","0.8906","0.8859","123.97K","-0.09%"
"04/09/2019","0.8879","0.8872","0.8886","0.8860","132.96K","-0.02%"
"04/08/2019","0.8881","0.8915","0.8919","0.8868","101.26K","-0.39%"
"04/05/2019","0.8916","0.8910","0.8921","0.8892","132.17K","0.04%"
"04/04/2019","0.8912","0.8901","0.8925","0.8889","135.43K","0.11%"
"04/03/2019","0.8902","0.8926","0.8929","0.8884","140.49K","-0.26%"
"04/02/2019","0.8925","0.8916","0.8943","0.8914","144.84K","0.08%"
"04/01/2019","0.8918","0.8915","0.8927","0.8889","115.78K","0.04%"
"03/29/2019","0.8914","0.8911","0.8922","0.8890","145.74K","0.10%"
"03/28/2019","0.8905","0.8891","0.8918","0.8878","151.79K","0.12%"
"03/27/2019","0.8894","0.8874","0.8896","0.8860","159.40K","0.19%"
"03/26/2019","0.8877","0.8840","0.8880","0.8827","143.12K","0.42%"
"03/25/2019","0.8840","0.8837","0.8863","0.8824","114.78K","0.01%"
"03/22/2019","0.8839","0.8792","0.8871","0.8777","161.24K","0.53%"
"03/21/2019","0.8792","0.8762","0.8817","0.8742","149.66K","0.34%"
"03/20/2019","0.8762","0.8810","0.8823","0.8734","140.48K","-0.53%"
"03/19/2019","0.8809","0.8821","0.8824","0.8800","131.55K","-0.14%"
"03/18/2019","0.8821","0.8832","0.8836","0.8803","95.07K","-0.10%"
"03/15/2019","0.8830","0.8846","0.8853","0.8813","145.78K","-0.19%"
"03/14/2019","0.8847","0.8829","0.8855","0.8817","169.18K","0.20%"
"03/13/2019","0.8829","0.8860","0.8868","0.8818","160.62K","-0.34%"
"03/12/2019","0.8859","0.8889","0.8894","0.8844","165.86K","-0.34%"
"03/11/2019","0.8889","0.8898","0.8912","0.8882","126.00K","-0.08%"
"03/08/2019","0.8896","0.8934","0.8942","0.8891","136.43K","-0.43%"
"03/07/2019","0.8934","0.8845","0.8948","0.8833","137.53K","1.01%"
"03/06/2019","0.8845","0.8839","0.8861","0.8829","138.89K","0.01%"
"03/05/2019","0.8844","0.8820","0.8858","0.8809","140.88K","0.28%"
"03/04/2019","0.8819","0.8789","0.8843","0.8775","110.26K","0.33%"
"03/01/2019","0.8790","0.8785","0.8810","0.8765","156.73K","-0.06%"
"02/28/2019","0.8795","0.8794","0.8805","0.8756","160.78K","-0.01%"
"02/27/2019","0.8796","0.8779","0.8802","0.8768","151.86K","0.25%"
"02/26/2019","0.8774","0.8798","0.8816","0.8769","142.08K","-0.34%"
"02/25/2019","0.8804","0.8821","0.8831","0.8796","130.22K","-0.14%"
"02/22/2019","0.8816","0.8822","0.8838","0.8804","153.24K","-0.07%"
"02/21/2019","0.8822","0.8821","0.8834","0.8797","162.59K","0.01%"
"02/20/2019","0.8821","0.8818","0.8831","0.8793","147.52K","0.03%"
"02/19/2019","0.8818","0.8842","0.8870","0.8804","135.02K","-0.26%"
"02/18/2019","0.8841","0.8861","0.8863","0.8822","103.75K","-0.15%"
"02/15/2019","0.8854","0.8853","0.8903","0.8840","152.82K","0.01%"
"02/14/2019","0.8853","0.8875","0.8892","0.8841","153.82K","-0.30%"
"02/13/2019","0.8880","0.8830","0.8882","0.8815","153.98K","0.57%"
"02/12/2019","0.8830","0.8865","0.8885","0.8817","144.06K","-0.44%"
"02/11/2019","0.8869","0.8828","0.8877","0.8826","118.57K","0.49%"
"02/08/2019","0.8826","0.8819","0.8835","0.8808","154.67K","0.15%"
"02/07/2019","0.8813","0.8802","0.8832","0.8791","158.35K","0.12%"
"02/06/2019","0.8802","0.8768","0.8804","0.8757","173.89K","0.47%"
"02/05/2019","0.8761","0.8742","0.8773","0.8730","171.17K","0.22%"
"02/04/2019","0.8742","0.8730","0.8757","0.8722","121.20K","0.14%"
"02/01/2019","0.8730","0.8737","0.8747","0.8704","167.34K","-0.07%"
"01/31/2019","0.8736","0.8711","0.8746","0.8683","174.90K","0.28%"
"01/30/2019","0.8712","0.8747","0.8769","0.8693","179.84K","-0.41%"
"01/29/2019","0.8748","0.8749","0.8765","0.8732","178.21K","-0.05%"
"01/28/2019","0.8752","0.8767","0.8781","0.8736","160.92K","-0.17%"
"01/25/2019","0.8767","0.8846","0.8852","0.8756","169.55K","-0.88%"
"01/24/2019","0.8845","0.8787","0.8859","0.8773","155.75K","0.66%"
"01/23/2019","0.8787","0.8803","0.8812","0.8774","139.45K","-0.19%"
"01/22/2019","0.8804","0.8799","0.8823","0.8782","154.96K","0.07%"
"01/21/2019","0.8798","0.8796","0.8807","0.8766","132.28K","-0.03%"
"01/18/2019","0.8801","0.8774","0.8810","0.8762","157.65K","0.28%"
"01/17/2019","0.8776","0.8776","0.8796","0.8765","178.91K","0.05%"
"01/16/2019","0.8772","0.8760","0.8791","0.8751","","0.11%"
"01/15/2019","0.8762","0.8717","0.8788","0.8701","","0.55%"
"01/14/2019","0.8714","0.8719","0.8743","0.8708","","-0.07%"
"01/11/2019","0.8720","0.8697","0.8729","0.8665","155.95K","0.28%"
"01/10/2019","0.8696","0.8664","0.8708","0.8643","","0.37%"
"01/09/2019","0.8664","0.8740","0.8746","0.8654","","-0.87%"
"01/08/2019","0.8740","0.8714","0.8756","0.8706","6.64K","0.30%"
"01/07/2019","0.8714","0.8779","0.8779","0.8708","5.20K","-0.71%"
"01/04/2019","0.8776","0.8778","0.8815","0.8756","144.77K","-0.01%"
"01/03/2019","0.8777","0.8815","0.8843","0.8762","9.25K","-0.44%"
"01/02/2019","0.8816","0.8723","0.8830","0.8697","9.01K","1.07%"
"01/01/2019","0.8723","0.8722","0.8753","0.8660","3.38K","0.06%"
"12/31/2018","0.8718","0.8739","0.8756","0.8718","0.22K","-0.24%"
"12/28/2018","0.8739","0.8749","0.8755","0.8713","","-0.11%"
"12/27/2018","0.8749","0.8809","0.8811","0.8729","9.65K","-0.68%"
"12/26/2018","0.8809","0.8801","0.8817","0.8755","6.79K","0.09%"
"12/25/2018","0.8801","0.8772","0.8803","0.8749","9.26K","0.32%"
"12/24/2018","0.8773","0.8795","0.8810","0.8742","3.16K","-0.24%"
"12/21/2018","0.8794","0.8737","0.8809","0.8715","","0.65%"
"12/20/2018","0.8737","0.8790","0.8795","0.8706","11.03K","-0.60%"
"12/19/2018","0.8790","0.8802","0.8803","0.8740","","-0.14%"
"12/18/2018","0.8802","0.8813","0.8822","0.8769","","-0.12%"
"12/17/2018","0.8813","0.8844","0.8851","0.8804","","-0.33%"
"12/14/2018","0.8842","0.8802","0.8875","0.8793","","0.48%"
"12/13/2018","0.8800","0.8796","0.8827","0.8776","","0.03%"
"12/12/2018","0.8797","0.8837","0.8840","0.8780","","-0.44%"
"12/11/2018","0.8836","0.8806","0.8847","0.8771","","0.34%"
"12/10/2018","0.8806","0.8771","0.8812","0.8738","","0.19%"
"12/07/2018","0.8789","0.8790","0.8804","0.8753","","-0.02%"
"12/06/2018","0.8791","0.8815","0.8834","0.8762","","-0.27%"
"12/05/2018","0.8815","0.8817","0.8842","0.8801","","0.01%"
"12/04/2018","0.8814","0.8808","0.8836","0.8756","","0.07%"
"12/03/2018","0.8808","0.8839","0.8839","0.8787","","-0.33%"
"11/30/2018","0.8837","0.8777","0.8847","0.8771","","0.67%"
"11/29/2018","0.8778","0.8798","0.8813","0.8770","","-0.23%"
"11/28/2018","0.8798","0.8856","0.8877","0.8781","","-0.69%"
"11/27/2018","0.8859","0.8828","0.8868","0.8815","","0.35%"
"11/26/2018","0.8828","0.8817","0.8832","0.8784","","0.12%"
"11/23/2018","0.8817","0.8769","0.8830","0.8755","","0.58%"
"11/22/2018","0.8766","0.8784","0.8788","0.8745","","-0.20%"
"11/21/2018","0.8784","0.8795","0.8801","0.8752","","-0.13%"
"11/20/2018","0.8795","0.8732","0.8805","0.8716","","0.72%"
"11/19/2018","0.8732","0.8767","0.8778","0.8721","","-0.29%"
"11/16/2018","0.8757","0.8827","0.8834","0.8755","","-0.80%"
"11/15/2018","0.8828","0.8843","0.8873","0.8801","","-0.16%"
"11/14/2018","0.8842","0.8858","0.8880","0.8812","","-0.17%"
"11/13/2018","0.8857","0.8914","0.8916","0.8852","","-0.64%"
"11/12/2018","0.8914","0.8826","0.8917","0.8823","","1.04%"
"11/09/2018","0.8822","0.8801","0.8837","0.8795","","0.25%"
"11/08/2018","0.8800","0.8752","0.8810","0.8735","","0.55%"
"11/07/2018","0.8752","0.8751","0.8776","0.8695","","0.00%"
"11/06/2018","0.8752","0.8767","0.8780","0.8742","","-0.17%"
"11/05/2018","0.8767","0.8779","0.8806","0.8753","","-0.17%"
"11/02/2018","0.8782","0.8766","0.8794","0.8729","","0.19%"
"11/01/2018","0.8765","0.8841","0.8845","0.8752","","-0.86%"
"10/31/2018","0.8841","0.8815","0.8849","0.8801","","0.29%"
"10/30/2018","0.8815","0.8793","0.8820","0.8781","","0.24%"
"10/29/2018","0.8794","0.8767","0.8803","0.8759","","0.30%"
"10/26/2018","0.8768","0.8791","0.8823","0.8756","","-0.26%"
"10/25/2018","0.8791","0.8779","0.8807","0.8746","","0.15%"
"10/24/2018","0.8778","0.8718","0.8789","0.8713","","0.70%"
"10/23/2018","0.8717","0.8722","0.8743","0.8700","","-0.07%"
"10/22/2018","0.8723","0.8691","0.8730","0.8658","","0.44%"
"10/19/2018","0.8685","0.8733","0.8748","0.8669","","-0.54%"
"10/18/2018","0.8732","0.8695","0.8735","0.8675","","0.43%"
"10/17/2018","0.8695","0.8640","0.8700","0.8632","","0.64%"
"10/16/2018","0.8640","0.8636","0.8647","0.8604","","0.03%"
"10/15/2018","0.8637","0.8652","0.8669","0.8616","","-0.14%"
"10/12/2018","0.8649","0.8626","0.8670","0.8612","","0.28%"
"10/11/2018","0.8625","0.8681","0.8683","0.8620","","-0.65%"
"10/10/2018","0.8681","0.8703","0.8712","0.8661","","-0.25%"
"10/09/2018","0.8703","0.8703","0.8749","0.8692","","0.01%"
"10/08/2018","0.8702","0.8681","0.8727","0.8669","","0.28%"
"10/05/2018","0.8678","0.8685","0.8708","0.8658","","-0.08%"
"10/04/2018","0.8685","0.8713","0.8724","0.8664","","-0.32%"
"10/03/2018","0.8713","0.8660","0.8723","0.8625","","0.61%"
"10/02/2018","0.8660","0.8637","0.8692","0.8635","","0.25%"
"10/01/2018","0.8638","0.8615","0.8649","0.8600","","0.28%"
"09/28/2018","0.8614","0.8591","0.8645","0.8582","","0.28%"
"09/27/2018","0.8590","0.8518","0.8594","0.8505","","0.83%"
"09/26/2018","0.8519","0.8499","0.8529","0.8476","","0.28%"
"09/25/2018","0.8495","0.8512","0.8525","0.8479","","-0.21%"
"09/24/2018","0.8513","0.8511","0.8531","0.8463","","0.02%"
"09/21/2018","0.8511","0.8492","0.8524","0.8471","","0.22%"
"09/20/2018","0.8492","0.8568","0.8572","0.8485","","-0.88%"
"09/19/2018","0.8567","0.8572","0.8585","0.8535","","-0.05%"
"09/18/2018","0.8571","0.8559","0.8583","0.8529","","0.14%"
"09/17/2018","0.8559","0.8603","0.8608","0.8547","","-0.45%"
"09/14/2018","0.8598","0.8555","0.8608","0.8531","","0.50%"
"09/13/2018","0.8555","0.8601","0.8615","0.8545","","-0.55%"
"09/12/2018","0.8602","0.8618","0.8644","0.8583","","-0.16%"
"09/11/2018","0.8616","0.8626","0.8647","0.8588","","-0.12%"
"09/10/2018","0.8626","0.8652","0.8677","0.8609","","-0.35%"
"09/07/2018","0.8656","0.8603","0.8659","0.8583","","0.59%"
"09/06/2018","0.8605","0.8599","0.8618","0.8577","","0.07%"
"09/05/2018","0.8599","0.8635","0.8664","0.8591","","-0.41%"
"09/04/2018","0.8634","0.8603","0.8674","0.8599","","0.36%"
"09/03/2018","0.8603","0.8624","0.8633","0.8599","","-0.19%"
"08/31/2018","0.8619","0.8569","0.8633","0.8554","","0.58%"
"08/30/2018","0.8569","0.8542","0.8591","0.8533","","0.32%"
"08/29/2018","0.8542","0.8551","0.8583","0.8539","","-0.11%"
"08/28/2018","0.8551","0.8564","0.8575","0.8522","","-0.14%"
"08/27/2018","0.8563","0.8598","0.8626","0.8551","","-0.49%"
"08/24/2018","0.8605","0.8667","0.8671","0.8591","","-0.70%"
"08/23/2018","0.8666","0.8624","0.8674","0.8620","","0.50%"
"08/22/2018","0.8623","0.8643","0.8657","0.8603","","-0.23%"
"08/21/2018","0.8643","0.8710","0.8712","0.8620","","-0.77%"
"08/20/2018","0.8710","0.8740","0.8777","0.8706","","-0.39%"
"08/17/2018","0.8744","0.8790","0.8799","0.8736","","-0.52%"
"08/16/2018","0.8790","0.8815","0.8823","0.8764","","-0.28%"
"08/15/2018","0.8815","0.8816","0.8851","0.8806","","-0.01%"
"08/14/2018","0.8816","0.8765","0.8827","0.8749","","0.58%"
"08/13/2018","0.8765","0.8781","0.8800","0.8746","","0.01%"
"08/10/2018","0.8764","0.8675","0.8783","0.8668","","1.01%"
"08/09/2018","0.8676","0.8614","0.8677","0.8606","","0.73%"
"08/08/2018","0.8613","0.8622","0.8642","0.8599","","-0.10%"
"08/07/2018","0.8622","0.8656","0.8661","0.8614","","-0.39%"
"08/06/2018","0.8656","0.8641","0.8674","0.8640","","0.13%"
"08/03/2018","0.8645","0.8632","0.8651","0.8612","","0.14%"
"08/02/2018","0.8633","0.8577","0.8635","0.8570","","0.65%"
"08/01/2018","0.8577","0.8554","0.8580","0.8546","","0.27%"
"07/31/2018","0.8554","0.8542","0.8560","0.8513","","0.13%"
"07/30/2018","0.8543","0.8577","0.8586","0.8533","","-0.42%"
"07/27/2018","0.8579","0.8589","0.8606","0.8573","","-0.12%"
"07/26/2018","0.8589","0.8526","0.8592","0.8515","","0.73%"
"07/25/2018","0.8527","0.8558","0.8574","0.8518","","-0.36%"
"07/24/2018","0.8558","0.8553","0.8581","0.8534","","0.06%"
"07/23/2018","0.8553","0.8528","0.8561","0.8510","","0.23%"
"07/20/2018","0.8533","0.8589","0.8602","0.8518","","-0.65%"
"07/19/2018","0.8589","0.8592","0.8641","0.8563","","-0.05%"
"07/18/2018","0.8593","0.8576","0.8620","0.8572","","0.20%"
"07/17/2018","0.8576","0.8539","0.8585","0.8514","","0.42%"
"07/16/2018","0.8540","0.8564","0.8566","0.8528","","-0.21%"
"07/13/2018","0.8558","0.8569","0.8612","0.8555","","-0.11%"
"07/12/2018","0.8567","0.8567","0.8585","0.8550","","0.00%"
"07/11/2018","0.8567","0.8515","0.8573","0.8504","","0.61%"
"07/10/2018","0.8515","0.8510","0.8555","0.8501","","0.06%"
"07/09/2018","0.8510","0.8514","0.8525","0.8481","","-0.04%"
"07/06/2018","0.8513","0.8555","0.8563","0.8497","","-0.48%"
"07/05/2018","0.8554","0.8580","0.8585","0.8531","","-0.29%"
"07/04/2018","0.8579","0.8579","0.8600","0.8560","","0.00%"
"07/03/2018","0.8579","0.8592","0.8606","0.8566","","-0.15%"
"07/02/2018","0.8592","0.8584","0.8628","0.8548","","0.40%"
"06/29/2018","0.8558","0.8644","0.8653","0.8553","","-0.99%"
"06/28/2018","0.8644","0.8655","0.8676","0.8620","","-0.14%"
"06/27/2018","0.8656","0.8586","0.8666","0.8567","","0.82%"
"06/26/2018","0.8586","0.8545","0.8595","0.8532","","0.48%"
"06/25/2018","0.8545","0.8579","0.8601","0.8537","","-0.40%"
"06/22/2018","0.8579","0.8618","0.8622","0.8565","","-0.46%"
"06/21/2018","0.8619","0.8642","0.8690","0.8595","","-0.27%"
"06/20/2018","0.8642","0.8629","0.8668","0.8620","","0.15%"
"06/19/2018","0.8629","0.8604","0.8674","0.8587","","0.29%"
"06/18/2018","0.8604","0.8614","0.8648","0.8602","","-0.12%"
"06/15/2018","0.8614","0.8645","0.8664","0.8600","","-0.35%"
"06/14/2018","0.8644","0.8481","0.8650","0.8437","","1.92%"
"06/13/2018","0.8481","0.8515","0.8529","0.8473","","-0.40%"
"06/12/2018","0.8515","0.8487","0.8523","0.8468","","0.33%"
"06/11/2018","0.8487","0.8500","0.8509","0.8459","","-0.13%"
"06/08/2018","0.8498","0.8475","0.8529","0.8466","","0.26%"
"06/07/2018","0.8476","0.8494","0.8495","0.8445","","-0.21%"
"06/06/2018","0.8494","0.8534","0.8540","0.8477","","-0.47%"
"06/05/2018","0.8534","0.8548","0.8582","0.8523","","-0.16%"
"06/04/2018","0.8548","0.8580","0.8582","0.8514","","-0.33%"
"06/01/2018","0.8576","0.8553","0.8608","0.8534","","0.27%"
"05/31/2018","0.8553","0.8573","0.8591","0.8529","","-0.26%"
"05/30/2018","0.8575","0.8666","0.8683","0.8564","","-1.05%"
"05/29/2018","0.8666","0.8603","0.8689","0.8591","","0.73%"
"05/28/2018","0.8603","0.8583","0.8617","0.8526","","0.23%"
"05/25/2018","0.8583","0.8533","0.8588","0.8522","","0.59%"
"05/24/2018","0.8533","0.8549","0.8555","0.8510","","-0.20%"
"05/23/2018","0.8550","0.8490","0.8566","0.8481","","0.71%"
"05/22/2018","0.8490","0.8481","0.8507","0.8453","","0.11%"
"05/21/2018","0.8481","0.8502","0.8536","0.8477","","-0.12%"
"05/18/2018","0.8491","0.8479","0.8512","0.8458","","0.14%"
"05/17/2018","0.8479","0.8469","0.8493","0.8447","","0.11%"
"05/16/2018","0.8470","0.8448","0.8502","0.8435","","0.26%"
"05/15/2018","0.8448","0.8385","0.8462","0.8376","","0.75%"
"05/14/2018","0.8385","0.8371","0.8385","0.8336","","0.14%"
"05/11/2018","0.8373","0.8393","0.8410","0.8355","","-0.24%"
"05/10/2018","0.8393","0.8439","0.8444","0.8370","","-0.55%"
"05/09/2018","0.8439","0.8429","0.8459","0.8405","","0.12%"
"05/08/2018","0.8429","0.8388","0.8448","0.8376","","0.49%"
"05/07/2018","0.8388","0.8367","0.8406","0.8348","","0.31%"
"05/04/2018","0.8362","0.8341","0.8396","0.8336","","0.25%"
"05/03/2018","0.8341","0.8368","0.8371","0.8327","","-0.32%"
"05/02/2018","0.8368","0.8339","0.8378","0.8311","","0.36%"
"05/01/2018","0.8338","0.8280","0.8347","0.8273","","0.71%"
"04/30/2018","0.8279","0.8248","0.8289","0.8238","","0.42%"
"04/27/2018","0.8244","0.8261","0.8296","0.8242","","-0.23%"
"04/26/2018","0.8263","0.8223","0.8268","0.8190","","0.49%"
"04/25/2018","0.8223","0.8176","0.8224","0.8170","","0.59%"
"04/24/2018","0.8175","0.8191","0.8209","0.8166","","-0.20%"
"04/23/2018","0.8191","0.8138","0.8198","0.8136","","0.65%"
"04/20/2018","0.8138","0.8100","0.8164","0.8095","","0.48%"
"04/19/2018","0.8099","0.8082","0.8111","0.8064","","0.21%"
"04/18/2018","0.8082","0.8084","0.8103","0.8066","","-0.02%"
"04/17/2018","0.8084","0.8078","0.8107","0.8055","","0.07%"
"04/16/2018","0.8078","0.8111","0.8115","0.8067","","-0.39%"
"04/13/2018","0.8110","0.8113","0.8126","0.8099","","-0.04%"
"04/12/2018","0.8113","0.8086","0.8131","0.8077","","0.33%"
"04/11/2018","0.8086","0.8094","0.8099","0.8067","","-0.10%"
"04/10/2018","0.8094","0.8117","0.8128","0.8079","","-0.28%"
"04/09/2018","0.8117","0.8144","0.8157","0.8110","","-0.29%"
"04/06/2018","0.8141","0.8170","0.8188","0.8136","","-0.35%"
"04/05/2018","0.8170","0.8145","0.8185","0.8136","","0.31%"
"04/04/2018","0.8145","0.8150","0.8159","0.8121","","-0.05%"
"04/03/2018","0.8149","0.8129","0.8161","0.8107","","0.25%"
"04/02/2018","0.8129","0.8115","0.8142","0.8100","","0.17%"
"03/30/2018","0.8115","0.8130","0.8135","0.8109","","-0.18%"
"03/29/2018","0.8130","0.8124","0.8141","0.8106","","0.06%"
"03/28/2018","0.8125","0.8063","0.8131","0.8050","","0.77%"
"03/27/2018","0.8063","0.8036","0.8083","0.8015","","0.32%"
"03/26/2018","0.8037","0.8099","0.8103","0.8024","","-0.73%"
"03/23/2018","0.8096","0.8129","0.8130","0.8082","","-0.41%"
"03/22/2018","0.8129","0.8105","0.8140","0.8072","","0.30%"
"03/21/2018","0.8105","0.8169","0.8170","0.8097","","-0.78%"
"03/20/2018","0.8169","0.8107","0.8171","0.8094","","0.76%"
"03/19/2018","0.8107","0.8140","0.8158","0.8091","","-0.37%"
"03/16/2018","0.8137","0.8127","0.8157","0.8106","","0.12%"
"03/15/2018","0.8127","0.8086","0.8130","0.8075","","0.51%"
"03/14/2018","0.8086","0.8071","0.8099","0.8056","","0.19%"
"03/13/2018","0.8071","0.8107","0.8121","0.8059","","-0.44%"
"03/12/2018","0.8107","0.8123","0.8137","0.8099","","-0.23%"
"03/09/2018","0.8126","0.8122","0.8148","0.8107","","0.05%"
"03/08/2018","0.8122","0.8056","0.8132","0.8034","","0.79%"
"03/07/2018","0.8058","0.8062","0.8075","0.8036","","-0.05%"
"03/06/2018","0.8062","0.8107","0.8112","0.8051","","-0.56%"
"03/05/2018","0.8107","0.8115","0.8151","0.8086","","-0.15%"
"03/02/2018","0.8119","0.8152","0.8163","0.8106","","-0.40%"
"03/01/2018","0.8152","0.8200","0.8227","0.8148","","-0.60%"
"02/28/2018","0.8201","0.8175","0.8205","0.8169","","0.32%"
"02/27/2018","0.8175","0.8119","0.8183","0.8099","","0.69%"
"02/26/2018","0.8119","0.8132","0.8145","0.8094","","-0.20%"
"02/23/2018","0.8135","0.8111","0.8144","0.8105","","0.31%"
"02/22/2018","0.8110","0.8141","0.8157","0.8095","","-0.37%"
"02/21/2018","0.8140","0.8105","0.8143","0.8090","","0.43%"
"02/20/2018","0.8105","0.8059","0.8118","0.8056","","0.57%"
"02/19/2018","0.8059","0.8059","0.8085","0.8042","","-0.01%"
"02/16/2018","0.8060","0.7996","0.8069","0.7965","","0.79%"
"02/15/2018","0.7997","0.8032","0.8034","0.7993","","-0.44%"
"02/14/2018","0.8032","0.8096","0.8146","0.8022","","-0.79%"
"02/13/2018","0.8096","0.8135","0.8140","0.8083","","-0.49%"
"02/12/2018","0.8136","0.8160","0.8174","0.8132","","-0.46%"
"02/09/2018","0.8174","0.8167","0.8194","0.8138","","0.10%"
"02/08/2018","0.8166","0.8154","0.8189","0.8133","","0.15%"
"02/07/2018","0.8154","0.8080","0.8166","0.8060","","0.93%"
"02/06/2018","0.8079","0.8086","0.8121","0.8042","","-0.09%"
"02/05/2018","0.8086","0.8028","0.8089","0.8016","","0.76%"
"02/02/2018","0.8025","0.7994","0.8059","0.7988","","0.39%"
"02/01/2018","0.7994","0.8056","0.8075","0.7985","","-0.71%"
"01/31/2018","0.8051","0.8064","0.8073","0.8016","","-0.16%"
"01/30/2018","0.8064","0.8076","0.8107","0.8029","","-0.15%"
"01/29/2018","0.8076","0.8047","0.8106","0.8040","","0.31%"
"01/26/2018","0.8051","0.8068","0.8084","0.8004","","-0.20%"
"01/25/2018","0.8067","0.8059","0.8088","0.7976","","0.10%"
"01/24/2018","0.8059","0.8131","0.8135","0.8054","","-0.89%"
"01/23/2018","0.8131","0.8155","0.8182","0.8126","","-0.31%"
"01/22/2018","0.8156","0.8153","0.8188","0.8147","","-0.32%"
"01/19/2018","0.8182","0.8172","0.8185","0.8132","","0.13%"
"01/18/2018","0.8171","0.8206","0.8221","0.8153","","-0.43%"
"01/17/2018","0.8206","0.8157","0.8213","0.8115","","0.61%"
"01/16/2018","0.8156","0.8155","0.8200","0.8141","","0.01%"
"01/15/2018","0.8155","0.8199","0.8206","0.8132","","-0.62%"
"01/12/2018","0.8206","0.8311","0.8313","0.8204","","-1.26%"
"01/11/2018","0.8311","0.8371","0.8383","0.8292","","-0.72%"
"01/10/2018","0.8371","0.8378","0.8388","0.8321","","-0.08%"
"01/09/2018","0.8378","0.8357","0.8392","0.8350","","0.25%"
"01/08/2018","0.8357","0.8314","0.8365","0.8297","","0.53%"
"01/05/2018","0.8313","0.8287","0.8320","0.8276","","0.31%"
"01/04/2018","0.8287","0.8324","0.8331","0.8272","","-0.43%"
"01/03/2018","0.8323","0.8294","0.8333","0.8286","","0.36%"
"01/02/2018","0.8293","0.8325","0.8333","0.8276","","-0.41%"
"01/01/2018","0.8327","0.8332","0.8337","0.8324","","-0.10%"
"12/29/2017","0.8335","0.8374","0.8378","0.8313","","-0.47%"
"12/28/2017","0.8374","0.8412","0.8412","0.8362","","-0.45%"
"12/27/2017","0.8412","0.8433","0.8436","0.8396","","-0.25%"
"12/26/2017","0.8433","0.8427","0.8442","0.8418","","0.08%"
"12/25/2017","0.8426","0.8441","0.8444","0.8416","","-0.08%"
"12/22/2017","0.8433","0.8422","0.8463","0.8420","","0.13%"
"12/21/2017","0.8422","0.8424","0.8440","0.8410","","-0.02%"
"12/20/2017","0.8424","0.8446","0.8455","0.8402","","-0.26%"
"12/19/2017","0.8446","0.8488","0.8492","0.8439","","-0.49%"
"12/18/2017","0.8488","0.8507","0.8520","0.8450","","-0.24%"
"12/15/2017","0.8508","0.8491","0.8511","0.8466","","0.20%"
"12/14/2017","0.8491","0.8456","0.8496","0.8429","","0.41%"
"12/13/2017","0.8456","0.8517","0.8526","0.8451","","-0.72%"
"12/12/2017","0.8517","0.8497","0.8535","0.8479","","0.24%"
"12/11/2017","0.8497","0.8497","0.8502","0.8466","","-0.05%"
"12/08/2017","0.8501","0.8494","0.8526","0.8490","","0.08%"
"12/07/2017","0.8494","0.8478","0.8496","0.8464","","0.19%"
"12/06/2017","0.8478","0.8456","0.8489","0.8440","","0.26%"
"12/05/2017","0.8456","0.8428","0.8475","0.8419","","0.33%"
"12/04/2017","0.8428","0.8417","0.8454","0.8411","","0.21%"
"12/01/2017","0.8410","0.8401","0.8439","0.8375","","0.11%"
"11/30/2017","0.8401","0.8441","0.8469","0.8381","","-0.47%"
"11/29/2017","0.8441","0.8446","0.8463","0.8415","","-0.05%"
"11/28/2017","0.8445","0.8405","0.8456","0.8389","","0.48%"
"11/27/2017","0.8405","0.8381","0.8407","0.8360","","0.27%"
"11/24/2017","0.8382","0.8438","0.8449","0.8372","","-0.66%"
"11/23/2017","0.8438","0.8459","0.8466","0.8434","","-0.25%"
"11/22/2017","0.8459","0.8520","0.8524","0.8455","","-0.72%"
"11/21/2017","0.8520","0.8523","0.8538","0.8504","","-0.05%"
"11/20/2017","0.8524","0.8481","0.8531","0.8468","","0.53%"
"11/17/2017","0.8479","0.8496","0.8500","0.8459","","-0.20%"
"11/16/2017","0.8496","0.8481","0.8507","0.8473","","0.18%"
"11/15/2017","0.8481","0.8476","0.8486","0.8431","","0.06%"
"11/14/2017","0.8476","0.8571","0.8577","0.8471","","-1.12%"
"11/13/2017","0.8572","0.8572","0.8594","0.8565","","-0.01%"
"11/10/2017","0.8573","0.8590","0.8605","0.8563","","-0.20%"
"11/09/2017","0.8590","0.8625","0.8632","0.8580","","-0.39%"
"11/08/2017","0.8624","0.8631","0.8637","0.8612","","-0.08%"
"11/07/2017","0.8631","0.8614","0.8656","0.8608","","0.20%"
"11/06/2017","0.8614","0.8614","0.8636","0.8602","","0.00%"
"11/03/2017","0.8614","0.8578","0.8622","0.8553","","0.42%"
"11/02/2017","0.8578","0.8607","0.8612","0.8556","","-0.34%"
"11/01/2017","0.8607","0.8587","0.8616","0.8578","","0.23%"
"10/31/2017","0.8587","0.8583","0.8603","0.8575","","0.05%"
"10/30/2017","0.8583","0.8619","0.8626","0.8577","","-0.36%"
"10/27/2017","0.8614","0.8584","0.8640","0.8578","","0.35%"
"10/26/2017","0.8584","0.8466","0.8591","0.8448","","1.39%"
"10/25/2017","0.8466","0.8503","0.8509","0.8461","","-0.44%"
"10/24/2017","0.8503","0.8512","0.8517","0.8479","","-0.11%"
"10/23/2017","0.8512","0.8494","0.8529","0.8491","","0.32%"
"10/20/2017","0.8485","0.8437","0.8502","0.8433","","0.56%"
"10/19/2017","0.8438","0.8484","0.8498","0.8433","","-0.54%"
"10/18/2017","0.8484","0.8499","0.8526","0.8471","","-0.19%"
"10/17/2017","0.8500","0.8477","0.8521","0.8474","","0.27%"
"10/16/2017","0.8477","0.8457","0.8489","0.8456","","0.22%"
"10/13/2017","0.8458","0.8453","0.8471","0.8421","","0.06%"
"10/12/2017","0.8453","0.8432","0.8456","0.8417","","0.24%"
"10/11/2017","0.8433","0.8469","0.8479","0.8424","","-0.44%"
"10/10/2017","0.8470","0.8518","0.8519","0.8456","","-0.56%"
"10/09/2017","0.8518","0.8526","0.8534","0.8506","","-0.06%"
"10/06/2017","0.8523","0.8539","0.8570","0.8518","","-0.19%"
"10/05/2017","0.8539","0.8504","0.8548","0.8489","","0.42%"
"10/04/2017","0.8503","0.8515","0.8522","0.8483","","-0.14%"
"10/03/2017","0.8515","0.8524","0.8550","0.8494","","-0.09%"
"10/02/2017","0.8523","0.8462","0.8526","0.8462","","0.69%"
"09/29/2017","0.8465","0.8484","0.8495","0.8451","","-0.24%"
"09/28/2017","0.8485","0.8515","0.8533","0.8471","","-0.35%"
"09/27/2017","0.8515","0.8480","0.8535","0.8478","","0.41%"
"09/26/2017","0.8480","0.8441","0.8505","0.8430","","0.46%"
"09/25/2017","0.8441","0.8367","0.8452","0.8360","","0.85%"
"09/22/2017","0.8370","0.8374","0.8378","0.8330","","-0.05%"
"09/21/2017","0.8374","0.8409","0.8428","0.8365","","-0.42%"
"09/20/2017","0.8409","0.8338","0.8431","0.8311","","0.85%"
"09/19/2017","0.8338","0.8365","0.8369","0.8328","","-0.33%"
"09/18/2017","0.8366","0.8369","0.8393","0.8354","","-0.10%"
"09/15/2017","0.8374","0.8390","0.8403","0.8342","","-0.19%"
"09/14/2017","0.8390","0.8414","0.8448","0.8388","","-0.27%"
"09/13/2017","0.8413","0.8357","0.8423","0.8337","","0.67%"
"09/12/2017","0.8357","0.8367","0.8385","0.8348","","-0.12%"
"09/11/2017","0.8367","0.8305","0.8371","0.8305","","0.70%"
"09/08/2017","0.8309","0.8317","0.8323","0.8269","","-0.11%"
"09/07/2017","0.8318","0.8392","0.8394","0.8292","","-0.88%"
"09/06/2017","0.8392","0.8394","0.8402","0.8368","","-0.02%"
"09/05/2017","0.8394","0.8407","0.8426","0.8375","","-0.14%"
"09/04/2017","0.8406","0.8433","0.8436","0.8387","","-0.32%"
"09/01/2017","0.8433","0.8397","0.8439","0.8347","","0.43%"
"08/31/2017","0.8397","0.8416","0.8459","0.8394","","-0.21%"
"08/30/2017","0.8415","0.8352","0.8418","0.8344","","0.74%"
"08/29/2017","0.8353","0.8348","0.8371","0.8285","","0.06%"
"08/28/2017","0.8348","0.8385","0.8392","0.8344","","-0.47%"
"08/25/2017","0.8387","0.8476","0.8494","0.8374","","-1.05%"
"08/24/2017","0.8476","0.8470","0.8487","0.8459","","0.08%"
"08/23/2017","0.8469","0.8502","0.8518","0.8457","","-0.39%"
"08/22/2017","0.8502","0.8464","0.8515","0.8456","","0.45%"
"08/21/2017","0.8464","0.8507","0.8525","0.8454","","-0.45%"
"08/18/2017","0.8502","0.8531","0.8542","0.8493","","-0.33%"
"08/17/2017","0.8530","0.8497","0.8575","0.8481","","0.36%"
"08/16/2017","0.8499","0.8522","0.8562","0.8489","","-0.27%"
"08/15/2017","0.8522","0.8489","0.8557","0.8479","","0.39%"
"08/14/2017","0.8489","0.8470","0.8497","0.8446","","0.34%"
"08/11/2017","0.8460","0.8494","0.8512","0.8441","","-0.41%"
"08/10/2017","0.8495","0.8505","0.8545","0.8485","","-0.12%"
"08/09/2017","0.8505","0.8511","0.8556","0.8500","","-0.05%"
"08/08/2017","0.8509","0.8478","0.8537","0.8457","","0.37%"
"08/07/2017","0.8478","0.8498","0.8499","0.8464","","-0.20%"
"08/04/2017","0.8495","0.8425","0.8527","0.8411","","0.83%"
"08/03/2017","0.8425","0.8435","0.8453","0.8408","","-0.12%"
"08/02/2017","0.8435","0.8474","0.8480","0.8397","","-0.46%"
"08/01/2017","0.8474","0.8445","0.8486","0.8441","","0.34%"
"07/31/2017","0.8445","0.8520","0.8531","0.8441","","-0.76%"
"07/28/2017","0.8510","0.8564","0.8569","0.8500","","-0.63%"
"07/27/2017","0.8564","0.8523","0.8584","0.8491","","0.48%"
"07/26/2017","0.8523","0.8582","0.8612","0.8518","","-0.73%"
"07/25/2017","0.8586","0.8590","0.8599","0.8538","","-0.05%"
"07/24/2017","0.8590","0.8577","0.8602","0.8558","","0.17%"
"07/21/2017","0.8575","0.8598","0.8607","0.8559","","-0.27%"
"07/20/2017","0.8598","0.8684","0.8712","0.8579","","-0.99%"
"07/19/2017","0.8684","0.8656","0.8689","0.8652","","0.34%"
"07/18/2017","0.8655","0.8712","0.8718","0.8633","","-0.65%"
"07/17/2017","0.8712","0.8723","0.8746","0.8705","","-0.09%"
"07/14/2017","0.8720","0.8773","0.8779","0.8717","","-0.60%"
"07/13/2017","0.8773","0.8763","0.8795","0.8729","","0.11%"
"07/12/2017","0.8763","0.8722","0.8779","0.8703","","0.49%"
"07/11/2017","0.8720","0.8773","0.8786","0.8711","","-0.59%"
"07/10/2017","0.8772","0.8778","0.8787","0.8758","","0.01%"
"07/07/2017","0.8771","0.8755","0.8788","0.8741","","0.18%"
"07/06/2017","0.8755","0.8808","0.8827","0.8752","","-0.61%"
"07/05/2017","0.8809","0.8814","0.8840","0.8796","","-0.06%"
"07/04/2017","0.8814","0.8800","0.8822","0.8789","","0.17%"
"07/03/2017","0.8799","0.8756","0.8808","0.8750","","0.54%"
"06/30/2017","0.8752","0.8741","0.8779","0.8736","","0.13%"
"06/29/2017","0.8741","0.8789","0.8793","0.8736","","-0.55%"
"06/28/2017","0.8789","0.8820","0.8857","0.8779","","-0.35%"
"06/27/2017","0.8820","0.8943","0.8947","0.8810","","-1.39%"
"06/26/2017","0.8944","0.8927","0.8952","0.8912","","0.11%"
"06/23/2017","0.8934","0.8967","0.8973","0.8921","","-0.37%"
"06/22/2017","0.8967","0.8954","0.8978","0.8946","","0.13%"
"06/21/2017","0.8955","0.8982","0.8987","0.8951","","-0.29%"
"06/20/2017","0.8981","0.8970","0.8995","0.8956","","0.12%"
"06/19/2017","0.8970","0.8929","0.8975","0.8916","","0.44%"
"06/16/2017","0.8931","0.8972","0.8978","0.8927","","-0.47%"
"06/15/2017","0.8973","0.8915","0.8984","0.8905","","0.65%"
"06/14/2017","0.8915","0.8920","0.8935","0.8852","","-0.06%"
"06/13/2017","0.8920","0.8926","0.8941","0.8908","","-0.08%"
"06/12/2017","0.8927","0.8933","0.8936","0.8903","","-0.06%"
"06/09/2017","0.8932","0.8918","0.8956","0.8898","","0.16%"
"06/08/2017","0.8918","0.8884","0.8933","0.8874","","0.38%"
"06/07/2017","0.8884","0.8868","0.8926","0.8863","","0.19%"
"06/06/2017","0.8867","0.8886","0.8897","0.8862","","-0.20%"
"06/05/2017","0.8885","0.8866","0.8902","0.8861","","0.24%"
"06/02/2017","0.8864","0.8919","0.8926","0.8860","","-0.62%"
"06/01/2017","0.8919","0.8894","0.8927","0.8883","","0.28%"
"05/31/2017","0.8894","0.8940","0.8958","0.8886","","-0.51%"
"05/30/2017","0.8940","0.8957","0.9002","0.8924","","-0.20%"
"05/29/2017","0.8958","0.8945","0.8960","0.8936","","0.18%"
"05/26/2017","0.8942","0.8920","0.8961","0.8901","","0.24%"
"05/25/2017","0.8921","0.8914","0.8934","0.8888","","0.08%"
"05/24/2017","0.8914","0.8942","0.8954","0.8912","","-0.31%"
"05/23/2017","0.8942","0.8899","0.8950","0.8874","","0.48%"
"05/22/2017","0.8899","0.8927","0.8960","0.8878","","-0.27%"
"05/19/2017","0.8923","0.9007","0.9013","0.8919","","-0.93%"
"05/18/2017","0.9007","0.8962","0.9030","0.8951","","0.50%"
"05/17/2017","0.8962","0.9023","0.9026","0.8958","","-0.69%"
"05/16/2017","0.9024","0.9112","0.9114","0.9010","","-0.97%"
"05/15/2017","0.9112","0.9152","0.9157","0.9099","","-0.40%"
"05/12/2017","0.9149","0.9207","0.9212","0.9145","","-0.63%"
"05/11/2017","0.9207","0.9200","0.9226","0.9180","","0.05%"
"05/10/2017","0.9202","0.9197","0.9215","0.9175","","0.05%"
"05/09/2017","0.9197","0.9154","0.9206","0.9146","","0.47%"
"05/08/2017","0.9154","0.9092","0.9161","0.9071","","0.67%"
"05/05/2017","0.9093","0.9100","0.9133","0.9090","","-0.12%"
"05/04/2017","0.9104","0.9187","0.9196","0.9101","","-0.90%"
"05/03/2017","0.9187","0.9150","0.9190","0.9143","","0.42%"
"05/02/2017","0.9149","0.9175","0.9185","0.9146","","-0.28%"
"05/01/2017","0.9175","0.9169","0.9188","0.9154","","-0.02%"
"04/28/2017","0.9177","0.9194","0.9211","0.9134","","-0.22%"
"04/27/2017","0.9197","0.9172","0.9216","0.9146","","0.27%"
"04/26/2017","0.9172","0.9153","0.9212","0.9131","","0.21%"
"04/25/2017","0.9153","0.9202","0.9216","0.9132","","-0.53%"
"04/24/2017","0.9202","0.9155","0.9242","0.9144","","-1.29%"
"04/21/2017","0.9322","0.9331","0.9362","0.9313","","-0.10%"
"04/20/2017","0.9331","0.9336","0.9340","0.9278","","-0.05%"
"04/19/2017","0.9336","0.9317","0.9347","0.9313","","0.18%"
"04/18/2017","0.9319","0.9397","0.9402","0.9313","","-0.81%"
"04/17/2017","0.9395","0.9421","0.9432","0.9371","","-0.31%"
"04/14/2017","0.9424","0.9422","0.9429","0.9404","","0.02%"
"04/13/2017","0.9422","0.9377","0.9427","0.9365","","0.49%"
"04/12/2017","0.9376","0.9430","0.9445","0.9367","","-0.59%"
"04/11/2017","0.9432","0.9438","0.9454","0.9407","","-0.05%"
"04/10/2017","0.9437","0.9441","0.9462","0.9428","","-0.06%"
"04/07/2017","0.9443","0.9395","0.9453","0.9375","","0.51%"
"04/06/2017","0.9395","0.9378","0.9409","0.9359","","0.18%"
"04/05/2017","0.9378","0.9369","0.9404","0.9355","","0.10%"
"04/04/2017","0.9369","0.9371","0.9403","0.9364","","-0.05%"
"04/03/2017","0.9374","0.9381","0.9397","0.9362","","-0.14%"
"03/31/2017","0.9387","0.9369","0.9390","0.9343","","0.20%"
"03/30/2017","0.9368","0.9289","0.9371","0.9284","","0.86%"
"03/29/2017","0.9288","0.9249","0.9312","0.9236","","0.43%"
"03/28/2017","0.9248","0.9206","0.9262","0.9197","","0.47%"
"03/27/2017","0.9205","0.9263","0.9263","0.9170","","-0.60%"
"03/24/2017","0.9261","0.9274","0.9294","0.9243","","-0.14%"
"03/23/2017","0.9274","0.9262","0.9288","0.9255","","0.13%"
"03/22/2017","0.9262","0.9251","0.9281","0.9237","","0.13%"
"03/21/2017","0.9250","0.9312","0.9330","0.9242","","-0.67%"
"03/20/2017","0.9312","0.9313","0.9325","0.9278","","-0.01%"
"03/17/2017","0.9313","0.9289","0.9322","0.9274","","0.26%"
"03/16/2017","0.9289","0.9316","0.9341","0.9284","","-0.29%"
"03/15/2017","0.9316","0.9431","0.9432","0.9310","","-1.22%"
"03/14/2017","0.9431","0.9387","0.9435","0.9378","","0.47%"
"03/13/2017","0.9387","0.9369","0.9389","0.9333","","0.17%"
"03/10/2017","0.9371","0.9455","0.9460","0.9346","","-0.89%"
"03/09/2017","0.9455","0.9488","0.9502","0.9420","","-0.34%"
"03/08/2017","0.9487","0.9464","0.9493","0.9456","","0.24%"
"03/07/2017","0.9464","0.9450","0.9472","0.9431","","0.14%"
"03/06/2017","0.9451","0.9420","0.9458","0.9397","","0.39%"
"03/03/2017","0.9414","0.9518","0.9523","0.9412","","-1.09%"
"03/02/2017","0.9518","0.9482","0.9529","0.9476","","0.39%"
"03/01/2017","0.9481","0.9456","0.9511","0.9443","","0.27%"
"02/28/2017","0.9455","0.9446","0.9462","0.9407","","0.10%"
"02/27/2017","0.9446","0.9468","0.9479","0.9406","","-0.22%"
"02/24/2017","0.9467","0.9450","0.9473","0.9418","","0.18%"
"02/23/2017","0.9450","0.9472","0.9490","0.9438","","-0.24%"
"02/22/2017","0.9473","0.9490","0.9530","0.9456","","-0.18%"
"02/21/2017","0.9490","0.9422","0.9501","0.9418","","0.72%"
"02/20/2017","0.9422","0.9420","0.9432","0.9404","","0.00%"
"02/17/2017","0.9422","0.9369","0.9431","0.9366","","0.57%"
"02/16/2017","0.9369","0.9433","0.9444","0.9363","","-0.68%"
"02/15/2017","0.9433","0.9454","0.9505","0.9426","","-0.22%"
"02/14/2017","0.9454","0.9436","0.9470","0.9404","","0.19%"
"02/13/2017","0.9436","0.9403","0.9442","0.9382","","0.40%"
"02/10/2017","0.9398","0.9385","0.9428","0.9374","","0.14%"
"02/09/2017","0.9385","0.9347","0.9390","0.9337","","0.41%"
"02/08/2017","0.9347","0.9363","0.9399","0.9333","","-0.15%"
"02/07/2017","0.9361","0.9302","0.9386","0.9301","","0.63%"
"02/06/2017","0.9302","0.9274","0.9343","0.9256","","0.31%"
"02/03/2017","0.9273","0.9296","0.9335","0.9260","","-0.24%"
"02/02/2017","0.9295","0.9287","0.9299","0.9234","","0.10%"
"02/01/2017","0.9286","0.9262","0.9319","0.9251","","0.27%"
"01/31/2017","0.9261","0.9349","0.9361","0.9249","","-0.96%"
"01/30/2017","0.9351","0.9354","0.9418","0.9310","","0.04%"
"01/27/2017","0.9347","0.9361","0.9384","0.9324","","-0.15%"
"01/26/2017","0.9361","0.9307","0.9384","0.9288","","0.60%"
"01/25/2017","0.9305","0.9319","0.9337","0.9285","","-0.15%"
"01/24/2017","0.9319","0.9290","0.9329","0.9280","","0.31%"
"01/23/2017","0.9290","0.9357","0.9359","0.9285","","-0.58%"
"01/20/2017","0.9344","0.9377","0.9413","0.9337","","-0.35%"
"01/19/2017","0.9377","0.9408","0.9445","0.9366","","-0.32%"
"01/18/2017","0.9407","0.9335","0.9411","0.9331","","0.78%"
"01/17/2017","0.9334","0.9435","0.9439","0.9329","","-1.04%"
"01/16/2017","0.9432","0.9419","0.9453","0.9401","","0.39%"
"01/13/2017","0.9395","0.9423","0.9438","0.9370","","-0.30%"
"01/12/2017","0.9423","0.9450","0.9460","0.9359","","-0.29%"
"01/11/2017","0.9450","0.9475","0.9567","0.9413","","-0.25%"
"01/10/2017","0.9474","0.9457","0.9479","0.9410","","0.18%"
"01/09/2017","0.9457","0.9489","0.9516","0.9449","","-0.39%"
"01/06/2017","0.9494","0.9428","0.9504","0.9414","","0.70%"
"01/05/2017","0.9428","0.9533","0.9543","0.9420","","-1.11%"
"01/04/2017","0.9534","0.9610","0.9626","0.9524","","-0.79%"
"01/03/2017","0.9610","0.9566","0.9671","0.9532","","0.51%"
"01/02/2017","0.9561","0.9496","0.9571","0.9491","","0.54%"
"12/30/2016","0.9510","0.9532","0.9542","0.9386","","-0.23%"
"12/29/2016","0.9532","0.9603","0.9610","0.9528","","-0.75%"
"12/28/2016","0.9604","0.9563","0.9643","0.9542","","0.43%"
"12/27/2016","0.9563","0.9565","0.9587","0.9556","","-0.01%"
"12/26/2016","0.9564","0.9567","0.9581","0.9549","","0.00%"
"12/23/2016","0.9564","0.9581","0.9592","0.9552","","-0.19%"
"12/22/2016","0.9582","0.9593","0.9596","0.9524","","-0.11%"
"12/21/2016","0.9593","0.9627","0.9633","0.9568","","-0.35%"
"12/20/2016","0.9627","0.9612","0.9661","0.9599","","0.14%"
"12/19/2016","0.9614","0.9573","0.9624","0.9542","","0.47%"
"12/16/2016","0.9569","0.9600","0.9616","0.9547","","-0.35%"
"12/15/2016","0.9603","0.9492","0.9648","0.9484","","1.18%"
"12/14/2016","0.9491","0.9411","0.9528","0.9372","","0.86%"
"12/13/2016","0.9410","0.9403","0.9432","0.9375","","0.06%"
"12/12/2016","0.9404","0.9476","0.9502","0.9387","","-0.68%"
"12/09/2016","0.9468","0.9421","0.9497","0.9407","","0.50%"
"12/08/2016","0.9421","0.9301","0.9437","0.9197","","1.30%"
"12/07/2016","0.9300","0.9330","0.9339","0.9286","","-0.33%"
"12/06/2016","0.9331","0.9291","0.9348","0.9271","","0.43%"
"12/05/2016","0.9291","0.9366","0.9519","0.9261","","-0.84%"
"12/02/2016","0.9370","0.9379","0.9413","0.9354","","-0.10%"
"12/01/2016","0.9379","0.9445","0.9449","0.9372","","-0.70%"
"11/30/2016","0.9445","0.9390","0.9477","0.9374","","0.58%"
"11/29/2016","0.9391","0.9421","0.9466","0.9384","","-0.32%"
"11/28/2016","0.9421","0.9434","0.9468","0.9359","","-0.26%"
"11/25/2016","0.9446","0.9475","0.9491","0.9408","","-0.31%"
"11/24/2016","0.9475","0.9477","0.9509","0.9446","","0.01%"
"11/23/2016","0.9474","0.9410","0.9501","0.9394","","0.68%"
"11/22/2016","0.9410","0.9408","0.9449","0.9382","","0.02%"
"11/21/2016","0.9408","0.9448","0.9454","0.9390","","-0.39%"
"11/18/2016","0.9445","0.9411","0.9462","0.9396","","0.36%"
"11/17/2016","0.9411","0.9354","0.9419","0.9306","","0.61%"
"11/16/2016","0.9354","0.9327","0.9377","0.9294","","0.29%"
"11/15/2016","0.9327","0.9314","0.9336","0.9245","","0.14%"
"11/14/2016","0.9314","0.9215","0.9340","0.9214","","1.11%"
"11/11/2016","0.9212","0.9180","0.9235","0.9154","","0.34%"
"11/10/2016","0.9181","0.9167","0.9205","0.9127","","0.15%"
"11/09/2016","0.9167","0.9070","0.9171","0.8849","","1.07%"
"11/08/2016","0.9070","0.9058","0.9085","0.9035","","0.13%"
"11/07/2016","0.9058","0.8980","0.9069","0.8978","","0.91%"
"11/04/2016","0.8976","0.9005","0.9026","0.8972","","-0.32%"
"11/03/2016","0.9005","0.9011","0.9043","0.8987","","-0.07%"
"11/02/2016","0.9011","0.9045","0.9051","0.8990","","-0.38%"
"11/01/2016","0.9045","0.9107","0.9126","0.9033","","-0.68%"
"10/31/2016","0.9107","0.9102","0.9145","0.9096","","0.05%"
"10/28/2016","0.9102","0.9177","0.9183","0.9097","","-0.82%"
"10/27/2016","0.9177","0.9167","0.9190","0.9138","","0.11%"
"10/26/2016","0.9167","0.9184","0.9199","0.9136","","-0.20%"
"10/25/2016","0.9185","0.9190","0.9217","0.9170","","-0.05%"
"10/24/2016","0.9190","0.9190","0.9209","0.9174","","0.02%"
"10/21/2016","0.9188","0.9150","0.9210","0.9146","","0.43%"
"10/20/2016","0.9149","0.9113","0.9162","0.9058","","0.40%"
"10/19/2016","0.9113","0.9107","0.9129","0.9087","","0.07%"
"10/18/2016","0.9107","0.9091","0.9117","0.9068","","0.18%"
"10/17/2016","0.9091","0.9113","0.9122","0.9083","","-0.26%"
"10/14/2016","0.9115","0.9045","0.9118","0.9041","","0.77%"
"10/13/2016","0.9045","0.9086","0.9105","0.9042","","-0.43%"
"10/12/2016","0.9084","0.9047","0.9089","0.9032","","0.41%"
"10/11/2016","0.9047","0.8978","0.9052","0.8972","","0.77%"
"10/10/2016","0.8978","0.8931","0.8986","0.8926","","0.56%"
"10/07/2016","0.8928","0.8968","0.9007","0.8923","","-0.46%"
"10/06/2016","0.8969","0.8925","0.8978","0.8918","","0.50%"
"10/05/2016","0.8924","0.8925","0.8938","0.8901","","-0.01%"
"10/04/2016","0.8925","0.8920","0.8980","0.8897","","0.06%"
"10/03/2016","0.8920","0.8900","0.8925","0.8893","","0.27%"
"09/30/2016","0.8896","0.8911","0.8968","0.8888","","-0.17%"
"09/29/2016","0.8911","0.8915","0.8932","0.8889","","-0.06%"
"09/28/2016","0.8916","0.8917","0.8944","0.8899","","-0.01%"
"09/27/2016","0.8917","0.8887","0.8938","0.8879","","0.35%"
"09/26/2016","0.8886","0.8908","0.8913","0.8866","","-0.25%"
"09/23/2016","0.8908","0.8923","0.8935","0.8896","","-0.17%"
"09/22/2016","0.8923","0.8933","0.8943","0.8882","","-0.17%"
"09/21/2016","0.8938","0.8965","0.8993","0.8931","","-0.31%"
"09/20/2016","0.8966","0.8949","0.8972","0.8918","","0.19%"
"09/19/2016","0.8949","0.8959","0.8971","0.8930","","-0.16%"
"09/16/2016","0.8963","0.8894","0.8971","0.8885","","0.78%"
"09/15/2016","0.8894","0.8889","0.8914","0.8862","","0.06%"
"09/14/2016","0.8889","0.8914","0.8922","0.8870","","-0.27%"
"09/13/2016","0.8913","0.8901","0.8927","0.8881","","0.12%"
"09/12/2016","0.8902","0.8903","0.8921","0.8874","","-0.01%"
"09/09/2016","0.8903","0.8881","0.8930","0.8860","","0.25%"
"09/08/2016","0.8881","0.8897","0.8903","0.8828","","-0.17%"
"09/07/2016","0.8896","0.8885","0.8907","0.8873","","0.12%"
"09/06/2016","0.8885","0.8971","0.8978","0.8878","","-0.97%"
"09/05/2016","0.8972","0.8966","0.8978","0.8942","","0.09%"
"09/02/2016","0.8964","0.8931","0.8969","0.8887","","0.37%"
"09/01/2016","0.8931","0.8963","0.8987","0.8924","","-0.35%"
"08/31/2016","0.8962","0.8974","0.8991","0.8956","","-0.14%"
"08/30/2016","0.8975","0.8938","0.8985","0.8931","","0.41%"
"08/29/2016","0.8938","0.8934","0.8963","0.8922","","0.08%"
"08/26/2016","0.8931","0.8863","0.8946","0.8817","","0.77%"
"08/25/2016","0.8863","0.8878","0.8885","0.8851","","-0.17%"
"08/24/2016","0.8878","0.8845","0.8894","0.8838","","0.36%"
"08/23/2016","0.8846","0.8834","0.8849","0.8806","","0.12%"
"08/22/2016","0.8835","0.8847","0.8873","0.8825","","0.07%"
"08/19/2016","0.8829","0.8809","0.8847","0.8799","","0.24%"
"08/18/2016","0.8808","0.8856","0.8863","0.8798","","-0.58%"
"08/17/2016","0.8859","0.8867","0.8897","0.8837","","-0.08%"
"08/16/2016","0.8866","0.8943","0.8949","0.8832","","-0.85%"
"08/15/2016","0.8942","0.8958","0.8966","0.8926","","-0.20%"
"08/12/2016","0.8960","0.8979","0.8986","0.8911","","-0.21%"
"08/11/2016","0.8979","0.8948","0.8982","0.8934","","0.36%"
"08/10/2016","0.8947","0.8996","0.9008","0.8936","","-0.51%"
"08/09/2016","0.8993","0.9019","0.9035","0.8991","","-0.24%"
"08/08/2016","0.9015","0.9020","0.9032","0.9004","","-0.07%"
"08/05/2016","0.9021","0.8985","0.9054","0.8958","","0.39%"
"08/04/2016","0.8986","0.8969","0.8998","0.8963","","0.18%"
"08/03/2016","0.8970","0.8910","0.8978","0.8902","","0.71%"
"08/02/2016","0.8907","0.8959","0.8965","0.8901","","-0.58%"
"08/01/2016","0.8959","0.8947","0.8966","0.8941","","0.10%"
"07/29/2016","0.8950","0.9027","0.9035","0.8930","","-0.87%"
"07/28/2016","0.9029","0.9044","0.9051","0.8993","","-0.15%"
"07/27/2016","0.9043","0.9103","0.9124","0.9037","","-0.64%"
"07/26/2016","0.9101","0.9094","0.9110","0.9066","","0.05%"
"07/25/2016","0.9096","0.9116","0.9131","0.9091","","-0.16%"
"07/22/2016","0.9111","0.9067","0.9130","0.9057","","0.44%"
"07/21/2016","0.9071","0.9081","0.9108","0.9042","","-0.09%"
"07/20/2016","0.9079","0.9073","0.9107","0.9065","","0.07%"
"07/19/2016","0.9073","0.9030","0.9092","0.9020","","0.47%"
"07/18/2016","0.9031","0.9056","0.9061","0.9022","","-0.34%"
"07/15/2016","0.9062","0.8994","0.9072","0.8969","","0.77%"
"07/14/2016","0.8993","0.9017","0.9022","0.8956","","-0.28%"
"07/13/2016","0.9018","0.9041","0.9057","0.8993","","-0.27%"
"07/12/2016","0.9042","0.9044","0.9050","0.8988","","-0.02%"
"07/11/2016","0.9044","0.9048","0.9079","0.9029","","-0.02%"
"07/08/2016","0.9046","0.9040","0.9090","0.8998","","0.08%"
"07/07/2016","0.9039","0.9009","0.9050","0.9000","","0.32%"
"07/06/2016","0.9010","0.9029","0.9067","0.8999","","-0.21%"
"07/05/2016","0.9029","0.8966","0.9041","0.8941","","0.73%"
"07/04/2016","0.8964","0.8975","0.9012","0.8956","","-0.18%"
"07/01/2016","0.8980","0.9005","0.9033","0.8953","","-0.28%"
"06/30/2016","0.9005","0.8989","0.9071","0.8964","","0.18%"
"06/29/2016","0.8989","0.9038","0.9052","0.8984","","-0.53%"
"06/28/2016","0.9037","0.9072","0.9084","0.9000","","-0.39%"
"06/27/2016","0.9072","0.9032","0.9116","0.9021","","0.84%"
"06/24/2016","0.8996","0.8779","0.9165","0.8746","","2.45%"
"06/23/2016","0.8781","0.8852","0.8854","0.8755","","-0.80%"
"06/22/2016","0.8852","0.8891","0.8900","0.8820","","-0.49%"
"06/21/2016","0.8896","0.8839","0.8896","0.8810","","0.64%"
"06/20/2016","0.8839","0.8863","0.8863","0.8785","","-0.33%"
"06/17/2016","0.8868","0.8909","0.8913","0.8852","","-0.45%"
"06/16/2016","0.8908","0.8882","0.8985","0.8852","","0.30%"
"06/15/2016","0.8881","0.8923","0.8938","0.8850","","-0.47%"
"06/14/2016","0.8923","0.8857","0.8939","0.8847","","0.76%"
"06/13/2016","0.8856","0.8887","0.8903","0.8847","","-0.37%"
"06/10/2016","0.8889","0.8837","0.8893","0.8827","","0.59%"
"06/09/2016","0.8837","0.8772","0.8846","0.8759","","0.68%"
"06/08/2016","0.8777","0.8805","0.8812","0.8763","","-0.32%"
"06/07/2016","0.8805","0.8807","0.8820","0.8786","","-0.02%"
"06/06/2016","0.8807","0.8809","0.8829","0.8778","","0.10%"
"06/03/2016","0.8798","0.8969","0.8980","0.8789","","-1.90%"
"06/02/2016","0.8968","0.8939","0.8975","0.8912","","0.34%"
"06/01/2016","0.8938","0.8983","0.8999","0.8931","","-0.51%"
"05/31/2016","0.8984","0.8978","0.8992","0.8950","","0.14%"
"05/30/2016","0.8971","0.8997","0.9011","0.8971","","-0.29%"
"05/27/2016","0.8997","0.8934","0.9003","0.8928","","0.71%"
"05/26/2016","0.8934","0.8965","0.8974","0.8915","","-0.35%"
"05/25/2016","0.8965","0.8976","0.8987","0.8954","","-0.12%"
"05/24/2016","0.8976","0.8912","0.8984","0.8907","","0.70%"
"05/23/2016","0.8914","0.8915","0.8940","0.8894","","0.04%"
"05/20/2016","0.8910","0.8926","0.8934","0.8898","","-0.18%"
"05/19/2016","0.8926","0.8915","0.8945","0.8905","","0.12%"
"05/18/2016","0.8915","0.8839","0.8920","0.8829","","0.86%"
"05/17/2016","0.8839","0.8833","0.8849","0.8812","","0.05%"
"05/16/2016","0.8835","0.8842","0.8849","0.8816","","-0.11%"
"05/13/2016","0.8845","0.8790","0.8864","0.8786","","0.63%"
"05/12/2016","0.8790","0.8752","0.8797","0.8746","","0.42%"
"05/11/2016","0.8753","0.8794","0.8797","0.8736","","-0.47%"
"05/10/2016","0.8794","0.8785","0.8805","0.8764","","0.10%"
"05/09/2016","0.8785","0.8771","0.8792","0.8756","","0.19%"
"05/06/2016","0.8768","0.8766","0.8783","0.8712","","0.00%"
"05/05/2016","0.8768","0.8705","0.8784","0.8698","","0.71%"
"05/04/2016","0.8706","0.8698","0.8721","0.8674","","0.09%"
"05/03/2016","0.8698","0.8670","0.8700","0.8609","","0.31%"
"05/02/2016","0.8671","0.8737","0.8738","0.8667","","-0.68%"
"04/29/2016","0.8730","0.8808","0.8823","0.8726","","-0.90%"
"04/28/2016","0.8809","0.8833","0.8854","0.8796","","-0.27%"
"04/27/2016","0.8833","0.8851","0.8871","0.8801","","-0.20%"
"04/26/2016","0.8851","0.8877","0.8885","0.8819","","-0.27%"
"04/25/2016","0.8875","0.8905","0.8916","0.8867","","-0.30%"
"04/22/2016","0.8902","0.8859","0.8915","0.8842","","0.49%"
"04/21/2016","0.8859","0.8852","0.8873","0.8776","","0.08%"
"04/20/2016","0.8852","0.8806","0.8859","0.8782","","0.53%"
"04/19/2016","0.8805","0.8839","0.8849","0.8783","","-0.38%"
"04/18/2016","0.8839","0.8852","0.8871","0.8824","","-0.27%"
"04/15/2016","0.8863","0.8875","0.8893","0.8836","","-0.14%"
"04/14/2016","0.8875","0.8870","0.8903","0.8853","","0.06%"
"04/13/2016","0.8870","0.8783","0.8876","0.8778","","0.99%"
"04/12/2016","0.8783","0.8765","0.8813","0.8722","","0.19%"
"04/11/2016","0.8766","0.8766","0.8793","0.8736","","-0.06%"
"04/08/2016","0.8771","0.8789","0.8812","0.8757","","-0.22%"
"04/07/2016","0.8790","0.8773","0.8821","0.8730","","0.19%"
"04/06/2016","0.8773","0.8785","0.8829","0.8747","","-0.14%"
"04/05/2016","0.8785","0.8779","0.8822","0.8768","","0.07%"
"04/04/2016","0.8779","0.8778","0.8806","0.8762","","-0.02%"
"04/01/2016","0.8781","0.8787","0.8824","0.8743","","-0.08%"
"03/31/2016","0.8788","0.8820","0.8843","0.8762","","-0.36%"
"03/30/2016","0.8820","0.8858","0.8865","0.8799","","-0.42%"
"03/29/2016","0.8857","0.8932","0.8955","0.8846","","-0.84%"
"03/28/2016","0.8932","0.8958","0.8967","0.8913","","-0.27%"
"03/25/2016","0.8956","0.8949","0.8967","0.8938","","0.07%"
"03/24/2016","0.8950","0.8944","0.8974","0.8938","","0.09%"
"03/23/2016","0.8942","0.8915","0.8962","0.8908","","0.30%"
"03/22/2016","0.8915","0.8894","0.8938","0.8880","","0.21%"
"03/21/2016","0.8896","0.8874","0.8902","0.8861","","0.26%"
"03/18/2016","0.8873","0.8836","0.8885","0.8820","","0.43%"
"03/17/2016","0.8835","0.8910","0.8925","0.8816","","-0.83%"
"03/16/2016","0.8909","0.9002","0.9045","0.8895","","-1.03%"
"03/15/2016","0.9002","0.9007","0.9032","0.8989","","-0.03%"
"03/14/2016","0.9005","0.8967","0.9029","0.8948","","0.41%"
"03/11/2016","0.8968","0.8947","0.9026","0.8920","","0.23%"
"03/10/2016","0.8947","0.9086","0.9241","0.8914","","-1.54%"
"03/09/2016","0.9087","0.9086","0.9137","0.9061","","0.00%"
"03/08/2016","0.9087","0.9080","0.9098","0.9043","","0.08%"
"03/07/2016","0.9080","0.9084","0.9141","0.9069","","-0.09%"
"03/04/2016","0.9088","0.9127","0.9172","0.9055","","-0.41%"
"03/03/2016","0.9125","0.9197","0.9215","0.9113","","-0.84%"
"03/02/2016","0.9202","0.9202","0.9239","0.9191","","-0.01%"
"03/01/2016","0.9203","0.9198","0.9231","0.9179","","0.07%"
"02/29/2016","0.9197","0.9148","0.9210","0.9121","","0.56%"
"02/26/2016","0.9146","0.9076","0.9165","0.9034","","0.82%"
"02/25/2016","0.9072","0.9080","0.9102","0.9049","","-0.10%"
"02/24/2016","0.9081","0.9075","0.9127","0.9053","","0.08%"
"02/23/2016","0.9074","0.9067","0.9101","0.9048","","0.08%"
"02/22/2016","0.9067","0.8987","0.9090","0.8980","","0.96%"
"02/19/2016","0.8981","0.9004","0.9038","0.8977","","-0.26%"
"02/18/2016","0.9004","0.8987","0.9034","0.8968","","0.19%"
"02/17/2016","0.8987","0.8974","0.9005","0.8945","","0.14%"
"02/16/2016","0.8974","0.8965","0.8992","0.8934","","0.10%"
"02/15/2016","0.8965","0.8888","0.8988","0.8886","","0.95%"
"02/12/2016","0.8881","0.8828","0.8918","0.8824","","0.57%"
"02/11/2016","0.8831","0.8858","0.8871","0.8790","","-0.30%"
"02/10/2016","0.8858","0.8855","0.8961","0.8841","","0.03%"
"02/09/2016","0.8855","0.8931","0.8959","0.8820","","-0.85%"
"02/08/2016","0.8931","0.8963","0.9021","0.8915","","-0.35%"
"02/05/2016","0.8962","0.8923","0.9003","0.8892","","0.44%"
"02/04/2016","0.8923","0.9006","0.9034","0.8897","","-0.92%"
"02/03/2016","0.9006","0.9158","0.9172","0.8972","","-1.67%"
"02/02/2016","0.9159","0.9184","0.9188","0.9140","","-0.27%"
"02/01/2016","0.9184","0.9231","0.9248","0.9163","","-0.48%"
"01/29/2016","0.9228","0.9142","0.9251","0.9133","","0.94%"
"01/28/2016","0.9142","0.9181","0.9201","0.9117","","-0.42%"
"01/27/2016","0.9181","0.9199","0.9217","0.9160","","-0.18%"
"01/26/2016","0.9198","0.9218","0.9244","0.9196","","-0.22%"
"01/25/2016","0.9218","0.9260","0.9270","0.9210","","-0.48%"
"01/22/2016","0.9262","0.9196","0.9269","0.9193","","0.71%"
"01/21/2016","0.9197","0.9181","0.9278","0.9157","","0.16%"
"01/20/2016","0.9182","0.9167","0.9194","0.9111","","0.16%"
"01/19/2016","0.9167","0.9182","0.9209","0.9141","","-0.15%"
"01/18/2016","0.9181","0.9159","0.9201","0.9140","","0.22%"
"01/15/2016","0.9161","0.9204","0.9214","0.9103","","-0.47%"
"01/14/2016","0.9204","0.9191","0.9230","0.9136","","0.11%"
"01/13/2016","0.9194","0.9210","0.9256","0.9184","","-0.17%"
"01/12/2016","0.9210","0.9209","0.9243","0.9173","","0.02%"
"01/11/2016","0.9208","0.9154","0.9219","0.9115","","0.66%"
"01/08/2016","0.9148","0.9147","0.9257","0.9145","","0.03%"
"01/07/2016","0.9145","0.9276","0.9285","0.9139","","-1.41%"
"01/06/2016","0.9276","0.9304","0.9329","0.9259","","-0.30%"
"01/05/2016","0.9304","0.9233","0.9337","0.9226","","0.78%"
"01/04/2016","0.9232","0.9209","0.9276","0.9135","","0.26%"
"01/01/2016","0.9208","0.9208","0.9223","0.9200","","0.00%"
"12/31/2015","0.9208","0.9145","0.9217","0.9142","","0.67%"
"12/30/2015","0.9147","0.9158","0.9173","0.9137","","-0.14%"
"12/29/2015","0.9160","0.9118","0.9176","0.9097","","0.46%"
"12/28/2015","0.9118","0.9129","0.9132","0.9097","","0.09%"
"12/25/2015","0.9110","0.9114","0.9139","0.9110","","-0.08%"
"12/24/2015","0.9117","0.9165","0.9174","0.9113","","-0.55%"
"12/23/2015","0.9167","0.9126","0.9200","0.9125","","0.42%"
"12/22/2015","0.9129","0.9161","0.9173","0.9103","","-0.36%"
"12/21/2015","0.9162","0.9205","0.9219","0.9141","","-0.43%"
"12/18/2015","0.9202","0.9237","0.9256","0.9195","","-0.39%"
"12/17/2015","0.9238","0.9162","0.9259","0.9160","","0.81%"
"12/16/2015","0.9164","0.9145","0.9185","0.9084","","0.13%"
"12/15/2015","0.9152","0.9098","0.9172","0.9041","","0.59%"
"12/14/2015","0.9098","0.9103","0.9137","0.9050","","-0.02%"
"12/11/2015","0.9100","0.9138","0.9154","0.9066","","-0.45%"
"12/10/2015","0.9141","0.9068","0.9153","0.9067","","0.78%"
"12/09/2015","0.9070","0.9182","0.9194","0.9056","","-1.20%"
"12/08/2015","0.9180","0.9227","0.9236","0.9172","","-0.53%"
"12/07/2015","0.9229","0.9203","0.9264","0.9184","","0.47%"
"12/04/2015","0.9186","0.9140","0.9230","0.9127","","0.47%"
"12/03/2015","0.9143","0.9421","0.9489","0.9106","","-2.95%"
"12/02/2015","0.9421","0.9405","0.9479","0.9397","","0.16%"
"12/01/2015","0.9406","0.9463","0.9468","0.9399","","-0.63%"
"11/30/2015","0.9466","0.9441","0.9472","0.9436","","0.26%"
"11/27/2015","0.9441","0.9425","0.9463","0.9400","","0.16%"
"11/26/2015","0.9426","0.9411","0.9435","0.9404","","0.16%"
"11/25/2015","0.9411","0.9396","0.9464","0.9354","","0.14%"
"11/24/2015","0.9398","0.9402","0.9416","0.9368","","-0.04%"
"11/23/2015","0.9402","0.9393","0.9441","0.9383","","0.09%"
"11/20/2015","0.9394","0.9316","0.9399","0.9307","","0.84%"
"11/19/2015","0.9316","0.9382","0.9386","0.9291","","-0.70%"
"11/18/2015","0.9382","0.9396","0.9419","0.9352","","-0.14%"
"11/17/2015","0.9395","0.9356","0.9408","0.9350","","0.40%"
"11/16/2015","0.9358","0.9300","0.9370","0.9277","","0.87%"
"11/13/2015","0.9277","0.9247","0.9334","0.9244","","0.35%"
"11/12/2015","0.9245","0.9308","0.9354","0.9234","","-0.68%"
"11/11/2015","0.9308","0.9325","0.9341","0.9281","","-0.19%"
"11/10/2015","0.9326","0.9301","0.9369","0.9290","","0.25%"
"11/09/2015","0.9303","0.9318","0.9330","0.9267","","-0.09%"
"11/06/2015","0.9311","0.9188","0.9340","0.9179","","1.34%"
"11/05/2015","0.9188","0.9203","0.9231","0.9177","","-0.16%"
"11/04/2015","0.9203","0.9118","0.9223","0.9116","","0.93%"
"11/03/2015","0.9118","0.9079","0.9145","0.9066","","0.45%"
"11/02/2015","0.9077","0.9068","0.9091","0.9048","","-0.11%"
"10/30/2015","0.9087","0.9110","0.9119","0.9031","","-0.26%"
"10/29/2015","0.9111","0.9154","0.9171","0.9103","","-0.51%"
"10/28/2015","0.9158","0.9049","0.9179","0.9012","","1.18%"
"10/27/2015","0.9051","0.9043","0.9067","0.9026","","0.07%"
"10/26/2015","0.9045","0.9084","0.9100","0.9034","","-0.35%"
"10/23/2015","0.9077","0.9002","0.9097","0.8976","","0.81%"
"10/22/2015","0.9004","0.8819","0.9010","0.8809","","2.10%"
"10/21/2015","0.8819","0.8814","0.8824","0.8789","","0.07%"
"10/20/2015","0.8813","0.8829","0.8832","0.8782","","-0.20%"
"10/19/2015","0.8831","0.8809","0.8845","0.8788","","0.19%"
"10/16/2015","0.8814","0.8786","0.8823","0.8773","","0.33%"
"10/15/2015","0.8785","0.8716","0.8801","0.8699","","0.79%"
"10/14/2015","0.8716","0.8788","0.8791","0.8703","","-0.81%"
"10/13/2015","0.8787","0.8807","0.8815","0.8763","","-0.23%"
"10/12/2015","0.8807","0.8806","0.8808","0.8774","","0.03%"
"10/09/2015","0.8804","0.8867","0.8876","0.8781","","-0.70%"
"10/08/2015","0.8866","0.8899","0.8903","0.8829","","-0.39%"
"10/07/2015","0.8901","0.8871","0.8920","0.8862","","0.33%"
"10/06/2015","0.8872","0.8936","0.8952","0.8865","","-0.77%"
"10/05/2015","0.8941","0.8911","0.8952","0.8858","","0.22%"
"10/02/2015","0.8921","0.8933","0.8969","0.8835","","-0.12%"
"10/01/2015","0.8932","0.8948","0.8981","0.8920","","-0.17%"
"09/30/2015","0.8947","0.8890","0.8963","0.8879","","0.64%"
"09/29/2015","0.8890","0.8892","0.8934","0.8863","","-0.02%"
"09/28/2015","0.8892","0.8932","0.8972","0.8890","","-0.46%"
"09/25/2015","0.8933","0.8905","0.8997","0.8902","","0.31%"
"09/24/2015","0.8905","0.8940","0.8957","0.8852","","-0.39%"
"09/23/2015","0.8940","0.8993","0.9006","0.8917","","-0.59%"
"09/22/2015","0.8993","0.8937","0.8999","0.8922","","0.63%"
"09/21/2015","0.8937","0.8860","0.8944","0.8826","","1.03%"
"09/18/2015","0.8846","0.8744","0.8875","0.8726","","1.17%"
"09/17/2015","0.8744","0.8858","0.8862","0.8739","","-1.29%"
"09/16/2015","0.8858","0.8873","0.8918","0.8833","","-0.20%"
"09/15/2015","0.8876","0.8839","0.8883","0.8827","","0.48%"
"09/14/2015","0.8834","0.8819","0.8864","0.8793","","0.17%"
"09/11/2015","0.8819","0.8866","0.8886","0.8810","","-0.53%"
"09/10/2015","0.8866","0.8923","0.8952","0.8853","","-0.66%"
"09/09/2015","0.8925","0.8927","0.8985","0.8915","","-0.04%"
"09/08/2015","0.8929","0.8952","0.8967","0.8905","","-0.29%"
"09/07/2015","0.8955","0.8962","0.8992","0.8946","","-0.18%"
"09/04/2015","0.8971","0.8990","0.9018","0.8943","","-0.21%"
"09/03/2015","0.8990","0.8906","0.9020","0.8893","","0.93%"
"09/02/2015","0.8907","0.8841","0.8916","0.8833","","0.78%"
"09/01/2015","0.8838","0.8920","0.8925","0.8824","","-0.89%"
"08/31/2015","0.8917","0.8948","0.8960","0.8879","","-0.31%"
"08/28/2015","0.8945","0.8893","0.8965","0.8842","","0.58%"
"08/27/2015","0.8893","0.8838","0.8926","0.8799","","0.62%"
"08/26/2015","0.8838","0.8683","0.8858","0.8649","","1.79%"
"08/25/2015","0.8683","0.8606","0.8774","0.8603","","0.91%"
"08/24/2015","0.8605","0.8801","0.8801","0.8539","","-1.99%"
"08/21/2015","0.8780","0.8893","0.8908","0.8778","","-1.30%"
"08/20/2015","0.8896","0.8994","0.9004","0.8892","","-1.08%"
"08/19/2015","0.8993","0.9073","0.9077","0.8980","","-0.89%"
"08/18/2015","0.9074","0.9027","0.9077","0.9014","","0.52%"
"08/17/2015","0.9027","0.9004","0.9043","0.8989","","0.26%"
"08/14/2015","0.9004","0.8969","0.9011","0.8937","","0.38%"
"08/13/2015","0.8970","0.8964","0.9025","0.8938","","0.07%"
"08/12/2015","0.8964","0.9058","0.9071","0.8918","","-1.04%"
"08/11/2015","0.9058","0.9076","0.9124","0.9018","","-0.19%"
"08/10/2015","0.9075","0.9117","0.9153","0.9056","","-0.46%"
"08/07/2015","0.9117","0.9151","0.9212","0.9108","","-0.40%"
"08/06/2015","0.9154","0.9167","0.9196","0.9139","","-0.17%"
"08/05/2015","0.9170","0.9191","0.9218","0.9143","","-0.22%"
"08/04/2015","0.9190","0.9130","0.9193","0.9100","","0.64%"
"08/03/2015","0.9132","0.9116","0.9140","0.9094","","0.34%"
"07/31/2015","0.9101","0.9147","0.9157","0.8998","","-0.50%"
"07/30/2015","0.9147","0.9102","0.9180","0.9098","","0.48%"
"07/29/2015","0.9103","0.9042","0.9119","0.9021","","0.67%"
"07/28/2015","0.9042","0.9014","0.9073","0.9009","","0.31%"
"07/27/2015","0.9014","0.9113","0.9117","0.8985","","-0.99%"
"07/24/2015","0.9104","0.9106","0.9153","0.9094","","-0.02%"
"07/23/2015","0.9106","0.9150","0.9157","0.9075","","-0.45%"
"07/22/2015","0.9147","0.9144","0.9200","0.9118","","0.04%"
"07/21/2015","0.9143","0.9238","0.9250","0.9116","","-1.01%"
"07/20/2015","0.9236","0.9231","0.9252","0.9199","","0.01%"
"07/17/2015","0.9235","0.9196","0.9236","0.9168","","0.44%"
"07/16/2015","0.9195","0.9134","0.9212","0.9121","","0.67%"
"07/15/2015","0.9134","0.9082","0.9150","0.9062","","0.58%"
"07/14/2015","0.9081","0.9089","0.9120","0.9024","","-0.08%"
"07/13/2015","0.9088","0.9007","0.9095","0.8931","","1.46%"
"07/10/2015","0.8957","0.9060","0.9066","0.8916","","-1.13%"
"07/09/2015","0.9059","0.9028","0.9099","0.8989","","0.37%"
"07/08/2015","0.9026","0.9081","0.9113","0.9015","","-0.61%"
"07/07/2015","0.9081","0.9044","0.9161","0.9041","","0.41%"
"07/06/2015","0.9044","0.9090","0.9117","0.9012","","0.51%"
"07/03/2015","0.8998","0.9022","0.9038","0.8994","","-0.27%"
"07/02/2015","0.9022","0.9047","0.9066","0.8990","","-0.28%"
"07/01/2015","0.9047","0.8976","0.9057","0.8951","","0.76%"
"06/30/2015","0.8979","0.8900","0.8999","0.8893","","0.89%"
"06/29/2015","0.8900","0.9060","0.9129","0.8866","","-0.63%"
"06/26/2015","0.8956","0.8925","0.8985","0.8912","","0.35%"
"06/25/2015","0.8925","0.8924","0.8966","0.8906","","0.00%"
"06/24/2015","0.8925","0.8953","0.8965","0.8900","","-0.31%"
"06/23/2015","0.8953","0.8818","0.8981","0.8812","","1.53%"
"06/22/2015","0.8818","0.8800","0.8840","0.8764","","0.11%"
"06/19/2015","0.8808","0.8804","0.8856","0.8778","","0.06%"
"06/18/2015","0.8803","0.8821","0.8827","0.8744","","-0.20%"
"06/17/2015","0.8821","0.8890","0.8919","0.8803","","-0.79%"
"06/16/2015","0.8891","0.8860","0.8925","0.8826","","0.32%"
"06/15/2015","0.8863","0.8908","0.8938","0.8853","","-0.12%"
"06/12/2015","0.8874","0.8883","0.8969","0.8852","","-0.10%"
"06/11/2015","0.8883","0.8831","0.8942","0.8823","","0.61%"
"06/10/2015","0.8829","0.8863","0.8881","0.8783","","-0.38%"
"06/09/2015","0.8863","0.8857","0.8918","0.8814","","0.07%"
"06/08/2015","0.8857","0.8998","0.9024","0.8843","","-1.58%"
"06/05/2015","0.8999","0.8899","0.9051","0.8865","","1.14%"
"06/04/2015","0.8898","0.8870","0.8909","0.8788","","0.30%"
"06/03/2015","0.8871","0.8965","0.9026","0.8861","","-1.05%"
"06/02/2015","0.8965","0.9151","0.9162","0.8936","","-2.03%"
"06/01/2015","0.9151","0.9102","0.9186","0.9100","","0.55%"
"05/29/2015","0.9101","0.9134","0.9153","0.9086","","-0.35%"
"05/28/2015","0.9133","0.9171","0.9201","0.9125","","-0.40%"
"05/27/2015","0.9170","0.9198","0.9243","0.9149","","-0.29%"
"05/26/2015","0.9197","0.9110","0.9206","0.9102","","0.95%"
"05/25/2015","0.9110","0.9087","0.9125","0.9082","","0.36%"
"05/22/2015","0.9077","0.8999","0.9089","0.8922","","0.87%"
"05/21/2015","0.8999","0.9015","0.9025","0.8943","","-0.18%"
"05/20/2015","0.9015","0.8969","0.9040","0.8964","","0.51%"
"05/19/2015","0.8969","0.8838","0.8994","0.8828","","1.48%"
"05/18/2015","0.8838","0.8731","0.8851","0.8731","","1.21%"
"05/15/2015","0.8732","0.8765","0.8831","0.8720","","-0.38%"
"05/14/2015","0.8765","0.8805","0.8819","0.8737","","-0.45%"
"05/13/2015","0.8805","0.8918","0.8927","0.8785","","-1.26%"
"05/12/2015","0.8917","0.8965","0.8982","0.8866","","-0.54%"
"05/11/2015","0.8965","0.8931","0.8985","0.8923","","0.45%"
"05/08/2015","0.8925","0.8876","0.8946","0.8859","","0.55%"
"05/07/2015","0.8876","0.8813","0.8899","0.8778","","0.77%"
"05/06/2015","0.8808","0.8940","0.8949","0.8794","","-1.48%"
"05/05/2015","0.8940","0.8972","0.9037","0.8911","","-0.36%"
"05/04/2015","0.8972","0.8927","0.8992","0.8909","","0.49%"
"05/01/2015","0.8928","0.8910","0.8949","0.8858","","0.21%"
"04/30/2015","0.8909","0.8986","0.9033","0.8876","","-0.83%"
"04/29/2015","0.8984","0.9106","0.9125","0.8938","","-1.34%"
"04/28/2015","0.9106","0.9180","0.9209","0.9098","","-0.85%"
"04/27/2015","0.9184","0.9198","0.9243","0.9152","","-0.14%"
"04/24/2015","0.9197","0.9239","0.9273","0.9174","","-0.43%"
"04/23/2015","0.9237","0.9325","0.9376","0.9220","","-0.92%"
"04/22/2015","0.9323","0.9314","0.9339","0.9258","","0.09%"
"04/21/2015","0.9315","0.9313","0.9382","0.9275","","0.03%"
"04/20/2015","0.9312","0.9240","0.9335","0.9238","","0.63%"
"04/17/2015","0.9254","0.9293","0.9315","0.9218","","-0.42%"
"04/16/2015","0.9293","0.9359","0.9413","0.9244","","-0.69%"
"04/15/2015","0.9358","0.9386","0.9461","0.9345","","-0.31%"
"04/14/2015","0.9387","0.9464","0.9497","0.9339","","-0.80%"
"04/13/2015","0.9463","0.9432","0.9506","0.9416","","0.34%"
"04/10/2015","0.9431","0.9382","0.9463","0.9360","","0.52%"
"04/09/2015","0.9382","0.9276","0.9401","0.9269","","1.14%"
"04/08/2015","0.9276","0.9246","0.9290","0.9185","","0.31%"
"04/07/2015","0.9247","0.9157","0.9257","0.9128","","1.00%"
"04/06/2015","0.9155","0.9099","0.9166","0.9061","","0.50%"
"04/03/2015","0.9109","0.9188","0.9206","0.9068","","-0.86%"
"04/02/2015","0.9188","0.9291","0.9302","0.9170","","-1.11%"
"04/01/2015","0.9291","0.9315","0.9330","0.9259","","-0.30%"
"03/31/2015","0.9319","0.9230","0.9334","0.9220","","0.95%"
"03/30/2015","0.9231","0.9183","0.9252","0.9178","","0.51%"
"03/27/2015","0.9184","0.9186","0.9259","0.9133","","-0.04%"
"03/26/2015","0.9188","0.9116","0.9212","0.9048","","0.80%"
"03/25/2015","0.9115","0.9154","0.9174","0.9078","","-0.40%"
"03/24/2015","0.9152","0.9137","0.9183","0.9066","","0.18%"
"03/23/2015","0.9136","0.9226","0.9288","0.9114","","-1.14%"
"03/20/2015","0.9241","0.9381","0.9390","0.9190","","-1.49%"
"03/19/2015","0.9381","0.9203","0.9423","0.9162","","1.93%"
"03/18/2015","0.9203","0.9437","0.9453","0.9097","","-2.47%"
"03/17/2015","0.9436","0.9462","0.9479","0.9389","","-0.27%"
"03/16/2015","0.9462","0.9529","0.9563","0.9416","","-0.70%"
"03/13/2015","0.9529","0.9403","0.9559","0.9400","","1.34%"
"03/12/2015","0.9403","0.9481","0.9529","0.9360","","-0.83%"
"03/11/2015","0.9482","0.9348","0.9515","0.9331","","1.43%"
"03/10/2015","0.9348","0.9215","0.9353","0.9210","","1.44%"
"03/09/2015","0.9215","0.9232","0.9240","0.9168","","-0.08%"
"03/06/2015","0.9222","0.9064","0.9224","0.9063","","1.72%"
"03/05/2015","0.9066","0.9027","0.9102","0.8997","","0.44%"
"03/04/2015","0.9026","0.8948","0.9041","0.8940","","0.87%"
"03/03/2015","0.8948","0.8943","0.8966","0.8914","","0.08%"
"03/02/2015","0.8941","0.8939","0.8961","0.8896","","0.10%"
"02/27/2015","0.8932","0.8930","0.8949","0.8892","","0.01%"
"02/26/2015","0.8931","0.8803","0.8942","0.8787","","1.47%"
"02/25/2015","0.8802","0.8819","0.8822","0.8781","","-0.18%"
"02/24/2015","0.8818","0.8823","0.8859","0.8803","","-0.07%"
"02/23/2015","0.8824","0.8785","0.8854","0.8762","","0.42%"
"02/20/2015","0.8787","0.8797","0.8866","0.8749","","-0.13%"
"02/19/2015","0.8798","0.8774","0.8807","0.8733","","0.27%"
"02/18/2015","0.8774","0.8764","0.8824","0.8759","","0.13%"
"02/17/2015","0.8763","0.8809","0.8833","0.8735","","-0.50%"
"02/16/2015","0.8807","0.8782","0.8836","0.8749","","0.27%"
"02/13/2015","0.8783","0.8770","0.8788","0.8739","","0.15%"
"02/12/2015","0.8770","0.8823","0.8848","0.8754","","-0.60%"
"02/11/2015","0.8823","0.8834","0.8866","0.8812","","-0.12%"
"02/10/2015","0.8834","0.8831","0.8871","0.8813","","0.03%"
"02/09/2015","0.8831","0.8837","0.8873","0.8803","","-0.07%"
"02/06/2015","0.8837","0.8714","0.8841","0.8705","","1.41%"
"02/05/2015","0.8714","0.8814","0.8847","0.8696","","-1.12%"
"02/04/2015","0.8813","0.8711","0.8837","0.8707","","1.17%"
"02/03/2015","0.8711","0.8817","0.8840","0.8671","","-1.20%"
"02/02/2015","0.8817","0.8862","0.8866","0.8801","","-0.47%"
"01/30/2015","0.8859","0.8834","0.8867","0.8800","","0.28%"
"01/29/2015","0.8834","0.8860","0.8880","0.8796","","-0.28%"
"01/28/2015","0.8859","0.8786","0.8869","0.8784","","0.82%"
"01/27/2015","0.8787","0.8898","0.8910","0.8754","","-1.25%"
"01/26/2015","0.8898","0.8939","0.9010","0.8853","","-0.27%"
"01/23/2015","0.8922","0.8799","0.8997","0.8792","","1.41%"
"01/22/2015","0.8798","0.8613","0.8836","0.8586","","2.15%"
"01/21/2015","0.8613","0.8657","0.8665","0.8565","","-0.52%"
"01/20/2015","0.8658","0.8617","0.8666","0.8609","","0.48%"
"01/19/2015","0.8617","0.8658","0.8662","0.8591","","-0.31%"
"01/16/2015","0.8644","0.8597","0.8726","0.8584","","0.54%"
"01/15/2015","0.8598","0.8483","0.8645","0.8479","","1.37%"
"01/14/2015","0.8482","0.8494","0.8527","0.8441","","-0.15%"
"01/13/2015","0.8495","0.8450","0.8509","0.8432","","0.52%"
"01/12/2015","0.8451","0.8448","0.8485","0.8424","","0.07%"
"01/09/2015","0.8445","0.8480","0.8502","0.8441","","-0.41%"
"01/08/2015","0.8480","0.8447","0.8508","0.8440","","0.39%"
"01/07/2015","0.8447","0.8411","0.8474","0.8405","","0.43%"
"01/06/2015","0.8411","0.8380","0.8415","0.8355","","0.37%"
"01/05/2015","0.8380","0.8332","0.8417","0.8328","","0.58%"
"01/02/2015","0.8332","0.8262","0.8333","0.8258","","0.85%"
"01/01/2015","0.8262","0.8266","0.8269","0.8260","","-0.05%"
"12/31/2014","0.8266","0.8227","0.8267","0.8217","","0.50%"
"12/30/2014","0.8225","0.8229","0.8249","0.8204","","-0.05%"
"12/29/2014","0.8229","0.8209","0.8237","0.8182","","0.19%"
"12/26/2014","0.8213","0.8182","0.8219","0.8178","","0.38%"
"12/25/2014","0.8182","0.8200","0.8207","0.8160","","-0.22%"
"12/24/2014","0.8200","0.8216","0.8218","0.8183","","-0.18%"
"12/23/2014","0.8215","0.8177","0.8221","0.8166","","0.48%"
"12/22/2014","0.8176","0.8180","0.8186","0.8148","","-0.02%"
"12/19/2014","0.8178","0.8139","0.8184","0.8128","","0.48%"
"12/18/2014","0.8139","0.8103","0.8154","0.8095","","0.46%"
"12/17/2014","0.8102","0.7993","0.8117","0.7989","","1.36%"
"12/16/2014","0.7993","0.8040","0.8044","0.7956","","-0.58%"
"12/15/2014","0.8040","0.8024","0.8056","0.8009","","0.19%"
"12/12/2014","0.8025","0.8057","0.8075","0.8009","","-0.41%"
"12/11/2014","0.8058","0.8034","0.8085","0.8003","","0.30%"
"12/10/2014","0.8034","0.8082","0.8090","0.8032","","-0.58%"
"12/09/2014","0.8081","0.8119","0.8136","0.8033","","-0.47%"
"12/08/2014","0.8119","0.8144","0.8166","0.8101","","-0.25%"
"12/05/2014","0.8139","0.8078","0.8149","0.8069","","0.74%"
"12/04/2014","0.8079","0.8123","0.8142","0.8028","","-0.54%"
"12/03/2014","0.8123","0.8076","0.8130","0.8070","","0.58%"
"12/02/2014","0.8076","0.8019","0.8080","0.8014","","0.71%"
"12/01/2014","0.8019","0.8031","0.8053","0.7995","","-0.15%"
"11/28/2014","0.8031","0.8022","0.8048","0.8006","","0.11%"
"11/27/2014","0.8022","0.7996","0.8023","0.7984","","0.31%"
"11/26/2014","0.7997","0.8017","0.8037","0.7979","","-0.25%"
"11/25/2014","0.8017","0.8037","0.8064","0.8008","","-0.25%"
"11/24/2014","0.8037","0.8079","0.8092","0.8035","","-0.42%"
"11/21/2014","0.8071","0.7975","0.8082","0.7956","","1.20%"
"11/20/2014","0.7975","0.7966","0.7998","0.7952","","0.11%"
"11/19/2014","0.7966","0.7977","0.7993","0.7937","","-0.14%"
"11/18/2014","0.7977","0.8032","0.8037","0.7970","","-0.68%"
"11/17/2014","0.8032","0.7983","0.8036","0.7951","","0.59%"
"11/14/2014","0.7985","0.8016","0.8066","0.7970","","-0.37%"
"11/13/2014","0.8015","0.8039","0.8048","0.8005","","-0.30%"
"11/12/2014","0.8039","0.8016","0.8053","0.8001","","0.29%"
"11/11/2014","0.8016","0.8051","0.8069","0.8000","","-0.43%"
"11/10/2014","0.8051","0.8031","0.8053","0.7994","","0.26%"
"11/07/2014","0.8030","0.8081","0.8092","0.8019","","-0.63%"
"11/06/2014","0.8081","0.8009","0.8088","0.7978","","0.90%"
"11/05/2014","0.8009","0.7971","0.8028","0.7957","","0.48%"
"11/04/2014","0.7971","0.8012","0.8013","0.7951","","-0.51%"
"11/03/2014","0.8012","0.7989","0.8037","0.7988","","0.34%"
"10/31/2014","0.7985","0.7929","0.8009","0.7925","","0.71%"
"10/30/2014","0.7929","0.7917","0.7970","0.7911","","0.16%"
"10/29/2014","0.7916","0.7853","0.7917","0.7831","","0.80%"
"10/28/2014","0.7853","0.7875","0.7884","0.7834","","-0.28%"
"10/27/2014","0.7875","0.7886","0.7896","0.7859","","-0.23%"
"10/24/2014","0.7893","0.7907","0.7915","0.7876","","-0.19%"
"10/23/2014","0.7908","0.7906","0.7928","0.7888","","0.03%"
"10/22/2014","0.7906","0.7865","0.7914","0.7849","","0.53%"
"10/21/2014","0.7864","0.7812","0.7866","0.7788","","0.64%"
"10/20/2014","0.7814","0.7837","0.7855","0.7802","","-0.28%"
"10/17/2014","0.7836","0.7807","0.7847","0.7790","","0.37%"
"10/16/2014","0.7807","0.7790","0.7871","0.7785","","0.22%"
"10/15/2014","0.7790","0.7900","0.7922","0.7760","","-1.39%"
"10/14/2014","0.7900","0.7842","0.7912","0.7831","","0.74%"
"10/13/2014","0.7842","0.7914","0.7924","0.7836","","-0.97%"
"10/10/2014","0.7919","0.7880","0.7934","0.7864","","0.49%"
"10/09/2014","0.7880","0.7853","0.7897","0.7817","","0.34%"
"10/08/2014","0.7853","0.7893","0.7923","0.7843","","-0.51%"
"10/07/2014","0.7893","0.7902","0.7947","0.7885","","-0.13%"
"10/06/2014","0.7903","0.7995","0.7998","0.7890","","-1.08%"
"10/03/2014","0.7989","0.7894","0.8000","0.7889","","1.20%"
"10/02/2014","0.7894","0.7922","0.7928","0.7874","","-0.35%"
"10/01/2014","0.7922","0.7917","0.7947","0.7911","","0.06%"
"09/30/2014","0.7917","0.7884","0.7955","0.7873","","0.42%"
"09/29/2014","0.7884","0.7884","0.7897","0.7864","","0.00%"
"09/26/2014","0.7884","0.7843","0.7889","0.7836","","0.52%"
"09/25/2014","0.7843","0.7825","0.7876","0.7823","","0.23%"
"09/24/2014","0.7825","0.7784","0.7829","0.7773","","0.53%"
"09/23/2014","0.7784","0.7783","0.7787","0.7751","","0.03%"
"09/22/2014","0.7782","0.7796","0.7803","0.7771","","-0.17%"
"09/19/2014","0.7795","0.7739","0.7796","0.7734","","0.72%"
"09/18/2014","0.7739","0.7773","0.7792","0.7733","","-0.44%"
"09/17/2014","0.7773","0.7716","0.7781","0.7703","","0.74%"
"09/16/2014","0.7716","0.7729","0.7739","0.7695","","-0.14%"
"09/15/2014","0.7727","0.7707","0.7748","0.7703","","0.18%"
"09/12/2014","0.7713","0.7738","0.7747","0.7705","","-0.30%"
"09/11/2014","0.7736","0.7742","0.7754","0.7721","","-0.08%"
"09/10/2014","0.7742","0.7730","0.7763","0.7714","","0.16%"
"09/09/2014","0.7730","0.7754","0.7776","0.7717","","-0.31%"
"09/08/2014","0.7754","0.7727","0.7763","0.7714","","0.41%"
"09/05/2014","0.7722","0.7726","0.7739","0.7700","","-0.04%"
"09/04/2014","0.7725","0.7607","0.7740","0.7602","","1.59%"
"09/03/2014","0.7604","0.7615","0.7621","0.7599","","-0.14%"
"09/02/2014","0.7615","0.7617","0.7628","0.7612","","-0.04%"
"09/01/2014","0.7618","0.7612","0.7623","0.7607","","0.04%"
"08/29/2014","0.7615","0.7588","0.7615","0.7577","","0.38%"
"08/28/2014","0.7586","0.7580","0.7600","0.7564","","0.08%"
"08/27/2014","0.7580","0.7594","0.7603","0.7570","","-0.18%"
"08/26/2014","0.7594","0.7581","0.7597","0.7567","","0.18%"
"08/25/2014","0.7580","0.7565","0.7586","0.7565","","0.38%"
"08/22/2014","0.7551","0.7529","0.7565","0.7520","","0.29%"
"08/21/2014","0.7529","0.7542","0.7552","0.7525","","-0.17%"
"08/20/2014","0.7542","0.7509","0.7544","0.7504","","0.45%"
"08/19/2014","0.7508","0.7484","0.7512","0.7481","","0.32%"
"08/18/2014","0.7484","0.7467","0.7489","0.7463","","0.27%"
"08/15/2014","0.7464","0.7482","0.7487","0.7456","","-0.25%"
"08/14/2014","0.7483","0.7483","0.7492","0.7458","","0.00%"
"08/13/2014","0.7483","0.7480","0.7496","0.7454","","0.04%"
"08/12/2014","0.7480","0.7471","0.7499","0.7470","","0.12%"
"08/11/2014","0.7471","0.7463","0.7474","0.7454","","0.19%"
"08/08/2014","0.7457","0.7483","0.7494","0.7445","","-0.35%"
"08/07/2014","0.7483","0.7473","0.7498","0.7466","","0.13%"
"08/06/2014","0.7473","0.7476","0.7501","0.7470","","-0.05%"
"08/05/2014","0.7477","0.7451","0.7487","0.7449","","0.35%"
"08/04/2014","0.7451","0.7447","0.7458","0.7444","","0.07%"
"08/01/2014","0.7446","0.7468","0.7475","0.7438","","-0.31%"
"07/31/2014","0.7469","0.7465","0.7479","0.7462","","0.05%"
"07/30/2014","0.7465","0.7458","0.7482","0.7454","","0.09%"
"07/29/2014","0.7458","0.7441","0.7461","0.7438","","0.24%"
"07/28/2014","0.7440","0.7445","0.7448","0.7438","","-0.08%"
"07/25/2014","0.7446","0.7428","0.7451","0.7420","","0.24%"
"07/24/2014","0.7428","0.7428","0.7442","0.7416","","0.01%"
"07/23/2014","0.7427","0.7427","0.7433","0.7422","","0.00%"
"07/22/2014","0.7427","0.7394","0.7430","0.7391","","0.45%"
"07/21/2014","0.7394","0.7392","0.7401","0.7381","","0.00%"
"07/18/2014","0.7394","0.7393","0.7413","0.7388","","0.01%"
"07/17/2014","0.7393","0.7393","0.7399","0.7385","","0.00%"
"07/16/2014","0.7393","0.7370","0.7396","0.7366","","0.33%"
"07/15/2014","0.7369","0.7343","0.7374","0.7338","","0.35%"
"07/14/2014","0.7343","0.7351","0.7355","0.7331","","-0.08%"
"07/11/2014","0.7349","0.7348","0.7358","0.7339","","0.01%"
"07/10/2014","0.7348","0.7329","0.7359","0.7325","","0.26%"
"07/09/2014","0.7329","0.7346","0.7352","0.7327","","-0.23%"
"07/08/2014","0.7346","0.7350","0.7360","0.7343","","-0.05%"
"07/07/2014","0.7350","0.7354","0.7366","0.7347","","-0.08%"
"07/04/2014","0.7356","0.7347","0.7362","0.7346","","0.12%"
"07/03/2014","0.7347","0.7321","0.7356","0.7318","","0.36%"
"07/02/2014","0.7321","0.7311","0.7331","0.7308","","0.15%"
"07/01/2014","0.7310","0.7304","0.7313","0.7299","","0.08%"
"06/30/2014","0.7304","0.7328","0.7332","0.7301","","-0.31%"
"06/27/2014","0.7327","0.7347","0.7349","0.7325","","-0.27%"
"06/26/2014","0.7347","0.7338","0.7366","0.7330","","0.14%"
"06/25/2014","0.7337","0.7350","0.7353","0.7325","","-0.18%"
"06/24/2014","0.7350","0.7350","0.7363","0.7338","","-0.01%"
"06/23/2014","0.7351","0.7356","0.7367","0.7345","","-0.03%"
"06/20/2014","0.7353","0.7349","0.7373","0.7335","","0.05%"
"06/19/2014","0.7349","0.7356","0.7362","0.7330","","-0.10%"
"06/18/2014","0.7356","0.7382","0.7385","0.7353","","-0.37%"
"06/17/2014","0.7383","0.7367","0.7388","0.7360","","0.22%"
"06/16/2014","0.7367","0.7388","0.7401","0.7364","","-0.23%"
"06/13/2014","0.7384","0.7379","0.7396","0.7364","","0.07%"
"06/12/2014","0.7379","0.7390","0.7401","0.7368","","-0.15%"
"06/11/2014","0.7390","0.7382","0.7396","0.7376","","0.12%"
"06/10/2014","0.7381","0.7357","0.7390","0.7352","","0.34%"
"06/09/2014","0.7356","0.7329","0.7363","0.7316","","0.35%"
"06/06/2014","0.7330","0.7321","0.7342","0.7311","","0.12%"
"06/05/2014","0.7321","0.7354","0.7406","0.7316","","-0.44%"
"06/04/2014","0.7353","0.7338","0.7356","0.7332","","0.20%"
"06/03/2014","0.7338","0.7354","0.7361","0.7328","","-0.22%"
"06/02/2014","0.7354","0.7334","0.7360","0.7328","","0.23%"
"05/30/2014","0.7337","0.7352","0.7354","0.7326","","-0.20%"
"05/29/2014","0.7352","0.7358","0.7361","0.7339","","-0.08%"
"05/28/2014","0.7358","0.7335","0.7360","0.7332","","0.33%"
"05/27/2014","0.7334","0.7328","0.7347","0.7316","","0.07%"
"05/26/2014","0.7329","0.7338","0.7345","0.7323","","-0.08%"
"05/23/2014","0.7335","0.7323","0.7345","0.7320","","0.16%"
"05/22/2014","0.7323","0.7307","0.7329","0.7306","","0.22%"
"05/21/2014","0.7307","0.7298","0.7335","0.7287","","0.12%"
"05/20/2014","0.7298","0.7294","0.7311","0.7292","","0.05%"
"05/19/2014","0.7294","0.7298","0.7306","0.7281","","-0.12%"
"05/16/2014","0.7303","0.7293","0.7308","0.7285","","0.14%"
"05/15/2014","0.7293","0.7292","0.7328","0.7282","","0.01%"
"05/14/2014","0.7292","0.7298","0.7301","0.7282","","-0.07%"
"05/13/2014","0.7297","0.7269","0.7306","0.7261","","0.39%"
"05/12/2014","0.7269","0.7271","0.7273","0.7259","","0.01%"
"05/09/2014","0.7268","0.7226","0.7276","0.7223","","0.60%"
"05/08/2014","0.7225","0.7188","0.7230","0.7146","","0.50%"
"05/07/2014","0.7189","0.7180","0.7190","0.7174","","0.13%"
"05/06/2014","0.7180","0.7207","0.7210","0.7167","","-0.37%"
"05/05/2014","0.7207","0.7210","0.7212","0.7197","","-0.04%"
"05/02/2014","0.7210","0.7210","0.7241","0.7204","","0.00%"
"05/01/2014","0.7210","0.7211","0.7214","0.7200","","-0.01%"
"04/30/2014","0.7211","0.7240","0.7259","0.7207","","-0.41%"
"04/29/2014","0.7241","0.7221","0.7244","0.7205","","0.28%"
"04/28/2014","0.7221","0.7227","0.7240","0.7205","","-0.11%"
"04/25/2014","0.7229","0.7230","0.7234","0.7221","","-0.01%"
"04/24/2014","0.7230","0.7238","0.7252","0.7224","","-0.11%"
"04/23/2014","0.7238","0.7244","0.7247","0.7218","","-0.08%"
"04/22/2014","0.7244","0.7251","0.7255","0.7233","","-0.10%"
"04/21/2014","0.7251","0.7239","0.7253","0.7230","","0.17%"
"04/18/2014","0.7239","0.7239","0.7243","0.7234","","0.00%"
"04/17/2014","0.7239","0.7239","0.7242","0.7212","","0.01%"
"04/16/2014","0.7238","0.7240","0.7245","0.7220","","-0.01%"
"04/15/2014","0.7239","0.7236","0.7252","0.7229","","0.04%"
"04/14/2014","0.7236","0.7227","0.7243","0.7212","","0.47%"
"04/11/2014","0.7202","0.7201","0.7214","0.7192","","0.01%"
"04/10/2014","0.7201","0.7218","0.7228","0.7194","","-0.24%"
"04/09/2014","0.7218","0.7249","0.7258","0.7214","","-0.43%"
"04/08/2014","0.7249","0.7278","0.7280","0.7241","","-0.40%"
"04/07/2014","0.7278","0.7301","0.7306","0.7273","","-0.27%"
"04/04/2014","0.7298","0.7289","0.7315","0.7282","","0.12%"
"04/03/2014","0.7289","0.7264","0.7301","0.7243","","0.34%"
"04/02/2014","0.7264","0.7250","0.7272","0.7236","","0.19%"
"04/01/2014","0.7250","0.7263","0.7264","0.7238","","-0.17%"
"03/31/2014","0.7262","0.7270","0.7281","0.7243","","-0.14%"
"03/28/2014","0.7272","0.7278","0.7297","0.7261","","-0.08%"
"03/27/2014","0.7278","0.7256","0.7284","0.7248","","0.32%"
"03/26/2014","0.7255","0.7232","0.7259","0.7232","","0.32%"
"03/25/2014","0.7232","0.7226","0.7273","0.7222","","0.08%"
"03/24/2014","0.7226","0.7251","0.7268","0.7207","","-0.33%"
"03/21/2014","0.7250","0.7258","0.7265","0.7240","","-0.11%"
"03/20/2014","0.7258","0.7229","0.7273","0.7223","","0.39%"
"03/19/2014","0.7230","0.7178","0.7242","0.7176","","0.74%"
"03/18/2014","0.7177","0.7183","0.7205","0.7172","","-0.08%"
"03/17/2014","0.7183","0.7190","0.7206","0.7169","","-0.06%"
"03/14/2014","0.7187","0.7211","0.7222","0.7175","","-0.33%"
"03/13/2014","0.7211","0.7192","0.7223","0.7160","","0.26%"
"03/12/2014","0.7192","0.7216","0.7224","0.7187","","-0.33%"
"03/11/2014","0.7216","0.7207","0.7230","0.7205","","0.12%"
"03/10/2014","0.7207","0.7207","0.7215","0.7196","","0.01%"
"03/07/2014","0.7206","0.7215","0.7219","0.7186","","-0.12%"
"03/06/2014","0.7215","0.7282","0.7289","0.7209","","-0.92%"
"03/05/2014","0.7282","0.7276","0.7296","0.7274","","0.08%"
"03/04/2014","0.7276","0.7281","0.7289","0.7256","","-0.07%"
"03/03/2014","0.7281","0.7254","0.7286","0.7250","","0.50%"
"02/28/2014","0.7245","0.7295","0.7303","0.7234","","-0.69%"
"02/27/2014","0.7295","0.7306","0.7330","0.7285","","-0.15%"
"02/26/2014","0.7306","0.7276","0.7321","0.7269","","0.43%"
"02/25/2014","0.7275","0.7281","0.7292","0.7264","","-0.08%"
"02/24/2014","0.7281","0.7280","0.7295","0.7262","","0.03%"
"02/21/2014","0.7279","0.7290","0.7299","0.7268","","-0.15%"
"02/20/2014","0.7290","0.7282","0.7307","0.7266","","0.11%"
"02/19/2014","0.7282","0.7269","0.7287","0.7261","","0.18%"
"02/18/2014","0.7269","0.7296","0.7303","0.7262","","-0.36%"
"02/17/2014","0.7295","0.7307","0.7307","0.7286","","-0.12%"
"02/14/2014","0.7304","0.7310","0.7313","0.7291","","-0.07%"
"02/13/2014","0.7309","0.7356","0.7362","0.7303","","-0.64%"
"02/12/2014","0.7356","0.7333","0.7373","0.7324","","0.31%"
"02/11/2014","0.7333","0.7328","0.7338","0.7308","","0.07%"
"02/10/2014","0.7328","0.7336","0.7349","0.7325","","-0.08%"
"02/07/2014","0.7334","0.7359","0.7379","0.7331","","-0.33%"
"02/06/2014","0.7358","0.7390","0.7416","0.7342","","-0.42%"
"02/05/2014","0.7389","0.7397","0.7408","0.7377","","-0.11%"
"02/04/2014","0.7397","0.7394","0.7412","0.7387","","0.05%"
"02/03/2014","0.7393","0.7412","0.7420","0.7388","","-0.28%"
"01/31/2014","0.7414","0.7377","0.7419","0.7370","","0.50%"
"01/30/2014","0.7377","0.7320","0.7383","0.7317","","0.78%"
"01/29/2014","0.7320","0.7316","0.7352","0.7307","","0.05%"
"01/28/2014","0.7316","0.7313","0.7338","0.7305","","0.03%"
"01/27/2014","0.7314","0.7313","0.7325","0.7291","","0.03%"
"01/24/2014","0.7312","0.7302","0.7320","0.7278","","0.14%"
"01/23/2014","0.7302","0.7382","0.7391","0.7300","","-1.08%"
"01/22/2014","0.7382","0.7374","0.7389","0.7362","","0.12%"
"01/21/2014","0.7373","0.7379","0.7399","0.7370","","-0.08%"
"01/20/2014","0.7379","0.7384","0.7403","0.7370","","-0.08%"
"01/17/2014","0.7385","0.7343","0.7399","0.7341","","0.59%"
"01/16/2014","0.7342","0.7350","0.7363","0.7326","","-0.11%"
"01/15/2014","0.7350","0.7310","0.7364","0.7308","","0.55%"
"01/14/2014","0.7310","0.7315","0.7327","0.7300","","-0.07%"
"01/13/2014","0.7315","0.7315","0.7333","0.7307","","-0.01%"
"01/10/2014","0.7316","0.7349","0.7366","0.7306","","-0.46%"
"01/09/2014","0.7350","0.7366","0.7381","0.7335","","-0.22%"
"01/08/2014","0.7366","0.7345","0.7378","0.7333","","0.29%"
"01/07/2014","0.7345","0.7338","0.7355","0.7322","","0.10%"
"01/06/2014","0.7338","0.7358","0.7369","0.7324","","-0.29%"
"01/03/2014","0.7359","0.7315","0.7363","0.7313","","0.62%"
"01/02/2014","0.7314","0.7270","0.7337","0.7259","","0.59%"
"01/01/2014","0.7271","0.7275","0.7277","0.7263","","-0.05%"
"12/31/2013","0.7275","0.7245","0.7277","0.7240","","0.43%"
"12/30/2013","0.7244","0.7276","0.7284","0.7236","","-0.45%"
"12/27/2013","0.7277","0.7304","0.7307","0.7198","","-0.37%"
"12/26/2013","0.7304","0.7310","0.7319","0.7298","","-0.08%"
"12/25/2013","0.7310","0.7308","0.7320","0.7294","","0.03%"
"12/24/2013","0.7308","0.7302","0.7324","0.7297","","0.08%"
"12/23/2013","0.7302","0.7314","0.7317","0.7291","","-0.18%"
"12/20/2013","0.7315","0.7320","0.7340","0.7293","","-0.07%"
"12/19/2013","0.7320","0.7308","0.7326","0.7302","","0.18%"
"12/18/2013","0.7307","0.7263","0.7313","0.7240","","0.61%"
"12/17/2013","0.7263","0.7267","0.7288","0.7255","","-0.06%"
"12/16/2013","0.7267","0.7278","0.7286","0.7247","","-0.12%"
"12/13/2013","0.7276","0.7270","0.7295","0.7262","","0.07%"
"12/12/2013","0.7271","0.7253","0.7280","0.7245","","0.23%"
"12/11/2013","0.7254","0.7267","0.7278","0.7241","","-0.18%"
"12/10/2013","0.7267","0.7279","0.7282","0.7249","","-0.16%"
"12/09/2013","0.7279","0.7284","0.7303","0.7275","","-0.25%"
"12/06/2013","0.7297","0.7317","0.7338","0.7295","","-0.27%"
"12/05/2013","0.7317","0.7357","0.7383","0.7311","","-0.54%"
"12/04/2013","0.7357","0.7359","0.7393","0.7351","","-0.03%"
"12/03/2013","0.7359","0.7385","0.7394","0.7345","","-0.35%"
"12/02/2013","0.7385","0.7358","0.7393","0.7344","","0.37%"
"11/29/2013","0.7358","0.7351","0.7364","0.7341","","0.11%"
"11/28/2013","0.7350","0.7364","0.7373","0.7343","","-0.20%"
"11/27/2013","0.7365","0.7368","0.7377","0.7346","","-0.05%"
"11/26/2013","0.7369","0.7399","0.7400","0.7366","","-0.41%"
"11/25/2013","0.7399","0.7380","0.7413","0.7375","","0.31%"
"11/22/2013","0.7376","0.7418","0.7429","0.7376","","-0.57%"
"11/21/2013","0.7418","0.7440","0.7464","0.7414","","-0.31%"
"11/20/2013","0.7441","0.7386","0.7454","0.7365","","0.74%"
"11/19/2013","0.7386","0.7405","0.7414","0.7382","","-0.26%"
"11/18/2013","0.7405","0.7406","0.7422","0.7384","","-0.07%"
"11/15/2013","0.7410","0.7430","0.7445","0.7405","","-0.27%"
"11/14/2013","0.7430","0.7414","0.7453","0.7408","","0.22%"
"11/13/2013","0.7414","0.7443","0.7469","0.7410","","-0.39%"
"11/12/2013","0.7443","0.7459","0.7486","0.7432","","-0.23%"
"11/11/2013","0.7460","0.7484","0.7494","0.7454","","-0.25%"
"11/08/2013","0.7479","0.7452","0.7509","0.7441","","0.36%"
"11/07/2013","0.7452","0.7401","0.7521","0.7391","","0.69%"
"11/06/2013","0.7401","0.7422","0.7426","0.7381","","-0.28%"
"11/05/2013","0.7422","0.7399","0.7436","0.7394","","0.31%"
"11/04/2013","0.7399","0.7413","0.7440","0.7393","","-0.20%"
"11/01/2013","0.7414","0.7362","0.7419","0.7358","","0.71%"
"10/31/2013","0.7362","0.7281","0.7367","0.7278","","1.11%"
"10/30/2013","0.7281","0.7275","0.7302","0.7255","","0.08%"
"10/29/2013","0.7275","0.7255","0.7281","0.7240","","0.28%"
"10/28/2013","0.7255","0.7245","0.7260","0.7237","","0.15%"
"10/25/2013","0.7244","0.7246","0.7261","0.7230","","-0.04%"
"10/24/2013","0.7247","0.7259","0.7266","0.7232","","-0.17%"
"10/23/2013","0.7259","0.7256","0.7278","0.7250","","0.04%"
"10/22/2013","0.7256","0.7309","0.7321","0.7251","","-0.73%"
"10/21/2013","0.7309","0.7307","0.7326","0.7303","","0.03%"
"10/18/2013","0.7307","0.7313","0.7322","0.7297","","-0.08%"
"10/17/2013","0.7313","0.7389","0.7400","0.7309","","-1.03%"
"10/16/2013","0.7389","0.7394","0.7423","0.7370","","-0.07%"
"10/15/2013","0.7394","0.7374","0.7419","0.7369","","0.27%"
"10/14/2013","0.7374","0.7383","0.7383","0.7354","","-0.15%"
"10/11/2013","0.7385","0.7397","0.7398","0.7363","","-0.16%"
"10/10/2013","0.7397","0.7394","0.7414","0.7383","","0.05%"
"10/09/2013","0.7393","0.7367","0.7416","0.7350","","0.34%"
"10/08/2013","0.7368","0.7363","0.7377","0.7349","","0.07%"
"10/07/2013","0.7363","0.7377","0.7385","0.7358","","-0.18%"
"10/04/2013","0.7376","0.7344","0.7387","0.7336","","0.44%"
"10/03/2013","0.7344","0.7365","0.7366","0.7328","","-0.29%"
"10/02/2013","0.7365","0.7393","0.7403","0.7349","","-0.38%"
"10/01/2013","0.7393","0.7393","0.7399","0.7359","","0.00%"
"09/30/2013","0.7393","0.7419","0.7425","0.7377","","-0.04%"
"09/27/2013","0.7396","0.7414","0.7422","0.7372","","-0.23%"
"09/26/2013","0.7413","0.7393","0.7423","0.7391","","0.27%"
"09/25/2013","0.7393","0.7422","0.7429","0.7387","","-0.39%"
"09/24/2013","0.7422","0.7412","0.7428","0.7397","","0.13%"
"09/23/2013","0.7412","0.7383","0.7419","0.7377","","0.24%"
"09/20/2013","0.7394","0.7391","0.7409","0.7381","","0.04%"
"09/19/2013","0.7391","0.7396","0.7407","0.7370","","-0.07%"
"09/18/2013","0.7396","0.7486","0.7498","0.7384","","-1.20%"
"09/17/2013","0.7486","0.7500","0.7504","0.7480","","-0.19%"
"09/16/2013","0.7500","0.7514","0.7521","0.7470","","-0.29%"
"09/13/2013","0.7522","0.7519","0.7544","0.7506","","0.04%"
"09/12/2013","0.7519","0.7513","0.7542","0.7504","","0.09%"
"09/11/2013","0.7512","0.7537","0.7551","0.7505","","-0.33%"
"09/10/2013","0.7537","0.7544","0.7559","0.7532","","-0.09%"
"09/09/2013","0.7544","0.7593","0.7599","0.7529","","-0.58%"
"09/06/2013","0.7588","0.7622","0.7632","0.7582","","-0.45%"
"09/05/2013","0.7622","0.7572","0.7628","0.7562","","0.67%"
"09/04/2013","0.7571","0.7593","0.7601","0.7565","","-0.29%"
"09/03/2013","0.7593","0.7581","0.7611","0.7577","","0.16%"
"09/02/2013","0.7581","0.7556","0.7585","0.7555","","0.24%"
"08/30/2013","0.7563","0.7553","0.7592","0.7544","","0.13%"
"08/29/2013","0.7553","0.7496","0.7565","0.7494","","0.75%"
"08/28/2013","0.7497","0.7467","0.7516","0.7464","","0.40%"
"08/27/2013","0.7467","0.7480","0.7506","0.7463","","-0.19%"
"08/26/2013","0.7481","0.7472","0.7487","0.7466","","0.11%"
"08/23/2013","0.7473","0.7488","0.7501","0.7457","","-0.19%"
"08/22/2013","0.7487","0.7487","0.7520","0.7478","","0.00%"
"08/21/2013","0.7487","0.7454","0.7500","0.7448","","0.44%"
"08/20/2013","0.7454","0.7498","0.7506","0.7434","","-0.60%"
"08/19/2013","0.7499","0.7503","0.7511","0.7477","","-0.04%"
"08/16/2013","0.7502","0.7492","0.7513","0.7474","","0.13%"
"08/15/2013","0.7492","0.7544","0.7573","0.7483","","-0.69%"
"08/14/2013","0.7544","0.7540","0.7554","0.7531","","0.05%"
"08/13/2013","0.7540","0.7519","0.7557","0.7509","","0.28%"
"08/12/2013","0.7519","0.7497","0.7532","0.7494","","0.33%"
"08/09/2013","0.7494","0.7473","0.7501","0.7468","","0.28%"
"08/08/2013","0.7473","0.7498","0.7503","0.7463","","-0.33%"
"08/07/2013","0.7498","0.7515","0.7539","0.7493","","-0.23%"
"08/06/2013","0.7515","0.7542","0.7550","0.7506","","-0.36%"
"08/05/2013","0.7542","0.7533","0.7558","0.7519","","0.17%"
"08/02/2013","0.7529","0.7572","0.7582","0.7521","","-0.57%"
"08/01/2013","0.7572","0.7518","0.7578","0.7512","","0.72%"
"07/31/2013","0.7518","0.7540","0.7568","0.7494","","-0.29%"
"07/30/2013","0.7540","0.7541","0.7557","0.7518","","0.00%"
"07/29/2013","0.7540","0.7530","0.7554","0.7521","","0.12%"
"07/26/2013","0.7531","0.7532","0.7546","0.7520","","-0.01%"
"07/25/2013","0.7532","0.7576","0.7595","0.7521","","-0.57%"
"07/24/2013","0.7575","0.7562","0.7590","0.7543","","0.16%"
"07/23/2013","0.7563","0.7584","0.7597","0.7553","","-0.29%"
"07/22/2013","0.7585","0.7607","0.7615","0.7565","","-0.32%"
"07/19/2013","0.7609","0.7628","0.7640","0.7603","","-0.25%"
"07/18/2013","0.7628","0.7619","0.7653","0.7617","","0.12%"
"07/17/2013","0.7619","0.7598","0.7643","0.7589","","0.28%"
"07/16/2013","0.7598","0.7655","0.7661","0.7591","","-0.74%"
"07/15/2013","0.7655","0.7650","0.7696","0.7641","","0.04%"
"07/12/2013","0.7652","0.7636","0.7693","0.7633","","0.22%"
"07/11/2013","0.7635","0.7707","0.7714","0.7574","","-0.92%"
"07/10/2013","0.7706","0.7825","0.7834","0.7702","","-1.52%"
"07/09/2013","0.7825","0.7770","0.7840","0.7753","","0.71%"
"07/08/2013","0.7770","0.7796","0.7807","0.7762","","-0.30%"
"07/05/2013","0.7793","0.7744","0.7809","0.7742","","0.63%"
"07/04/2013","0.7744","0.7688","0.7763","0.7678","","0.74%"
"07/03/2013","0.7687","0.7705","0.7739","0.7674","","-0.23%"
"07/02/2013","0.7705","0.7655","0.7715","0.7645","","0.65%"
"07/01/2013","0.7655","0.7686","0.7691","0.7653","","-0.42%"
"06/28/2013","0.7687","0.7671","0.7698","0.7632","","0.21%"
"06/27/2013","0.7671","0.7686","0.7693","0.7659","","-0.20%"
"06/26/2013","0.7686","0.7643","0.7702","0.7641","","0.55%"
"06/25/2013","0.7644","0.7623","0.7654","0.7604","","0.28%"
"06/24/2013","0.7623","0.7624","0.7658","0.7608","","0.03%"
"06/21/2013","0.7621","0.7564","0.7635","0.7544","","0.75%"
"06/20/2013","0.7564","0.7522","0.7598","0.7517","","0.56%"
"06/19/2013","0.7522","0.7466","0.7541","0.7454","","0.75%"
"06/18/2013","0.7466","0.7480","0.7504","0.7454","","-0.19%"
"06/17/2013","0.7480","0.7494","0.7509","0.7473","","-0.17%"
"06/14/2013","0.7493","0.7477","0.7522","0.7476","","0.21%"
"06/13/2013","0.7477","0.7498","0.7531","0.7468","","-0.28%"
"06/12/2013","0.7498","0.7511","0.7538","0.7485","","-0.17%"
"06/11/2013","0.7511","0.7544","0.7558","0.7509","","-0.44%"
"06/10/2013","0.7544","0.7571","0.7589","0.7535","","-0.25%"
"06/07/2013","0.7563","0.7549","0.7581","0.7527","","0.19%"
"06/06/2013","0.7549","0.7638","0.7649","0.7515","","-1.17%"
"06/05/2013","0.7638","0.7645","0.7662","0.7625","","-0.09%"
"06/04/2013","0.7645","0.7648","0.7668","0.7633","","-0.04%"
"06/03/2013","0.7648","0.7736","0.7719","0.7629","","-0.58%"
"05/31/2013","0.7693","0.7663","0.7726","0.7656","","0.39%"
"05/30/2013","0.7663","0.7728","0.7733","0.7655","","-0.84%"
"05/29/2013","0.7728","0.7778","0.7789","0.7705","","-0.66%"
"05/28/2013","0.7779","0.7734","0.7783","0.7722","","0.58%"
"05/27/2013","0.7734","0.7733","0.7743","0.7722","","0.00%"
"05/24/2013","0.7734","0.7731","0.7750","0.7695","","0.04%"
"05/23/2013","0.7731","0.7777","0.7800","0.7718","","-0.59%"
"05/22/2013","0.7777","0.7749","0.7793","0.7693","","0.37%"
"05/21/2013","0.7748","0.7763","0.7788","0.7732","","-0.18%"
"05/20/2013","0.7762","0.7801","0.7806","0.7751","","-0.35%"
"05/17/2013","0.7789","0.7763","0.7815","0.7758","","0.33%"
"05/16/2013","0.7763","0.7760","0.7785","0.7734","","0.04%"
"05/15/2013","0.7760","0.7740","0.7786","0.7727","","0.26%"
"05/14/2013","0.7740","0.7707","0.7744","0.7676","","0.43%"
"05/13/2013","0.7707","0.7716","0.7727","0.7671","","0.14%"
"05/10/2013","0.7696","0.7667","0.7731","0.7662","","0.38%"
"05/09/2013","0.7667","0.7604","0.7687","0.7589","","0.84%"
"05/08/2013","0.7603","0.7646","0.7650","0.7579","","-0.56%"
"05/07/2013","0.7646","0.7648","0.7653","0.7615","","-0.03%"
"05/06/2013","0.7648","0.7625","0.7661","0.7610","","0.30%"
"05/03/2013","0.7625","0.7654","0.7673","0.7600","","-0.38%"
"05/02/2013","0.7654","0.7588","0.7671","0.7566","","0.87%"
"05/01/2013","0.7588","0.7594","0.7599","0.7552","","-0.09%"